FirstName,MiddleName,LastName,Email,Gender,UserName,Phone,DOB,PostalCode,Country,State,StreetAddress,Password
Performance,S,Test,hbuney002@mayoclinic.com,male,hbuney002,8542875457,02-05-2001,F26,Afghanistan,Farah,97312 Bluestem Crossing,Pass@123
Shaylah,F,Jodkowski,sjodkowski1456@japanpost.jp,male,sjodkowski1567,3265523936,18-10-1999,56110,Afghanistan,Herat,48044 Union Crossing,Pass@123
Jeremie,H,Cohr,jcohr2@chron.com,female,jcohr2,7734449681,02-08-1998,60657,United Arab Emirates,Umm al Qaywayn,0 Eliot Center,Pass@123
Nancee,J,Sand,nsand3@time.com,male,nsand3,5703065536,10-01-1997,614532,United Arab Emirates,Ras al Khaymah,29883 Ridgeview Street,Pass@123
Jilly,S,Deavin,jdeavin4@sciencedaily.com,female,jdeavin4,7563641398,21-11-1999,8411,United Arab Emirates,Ash Shāriqah,60 Prentice Drive,Pass@123
Brendon,I,Constanza,bconstanza5@alibaba.com,female,bconstanza5,6921081695,27-09-1998,F26,United Arab Emirates,Dubai,58084 Fisk Circle,Pass@123
Egan,L,Whitehead,ewhitehead6@biglobe.ne.jp,female,ewhitehead6,4865667446,05-11-2001,56110,United Arab Emirates,Al Fujayrah,9417 7th Lane,Pass@123
Garv,L,Landa,glanda7@loc.gov,female,glanda7,3222992071,09-06-1997,60657,United Arab Emirates,Al Fujayrah,51 Di Loreto Point,Pass@123
Nanete,M,Spacie,nspacie8@mediafire.com,female,nspacie8,4303889434,24-07-2003,614532,United Arab Emirates,Ash Shāriqah,0 Mariners Cove Alley,Pass@123
Ruprecht,S,Pleasaunce,rpleasaunce9@meetup.com,female,rpleasaunce9,7941125510,13-10-1999,8411,United Arab Emirates,Abu Dhabi,82437 Pierstorff Way,Pass@123
Adan,B,Kitter,akittera@technorati.com,male,akittera,2914030290,25-01-1999,60657,United Arab Emirates,Al Fujayrah,7558 Ruskin Park,Pass@123
Tybi,S,Wines,twinesb@bravesites.com,female,twinesb,9643479594,19-12-2000,6012,United Arab Emirates,Abu Dhabi,78949 Amoth Alley,Pass@123
Sherwood,L,Atheis,satheisc@comsenz.com,male,satheisc,5859580457,07-02-1998,201018,United Arab Emirates,Ajman,57 Hansons Crossing,Pass@123
Goran,L,Stanyforth,gstanyforthd@angelfire.com,male,gstanyforthd,6099062133,13-06-2000,59-706,United Arab Emirates,Ash Shāriqah,1696 Lukken Pass,Pass@123
Allene,Y,Beamont,abeamonte@google.it,male,abeamonte,7849462454,12-09-1996,1151,United Arab Emirates,Abu Dhabi,1 Shelley Junction,Pass@123
Issiah,L,Woodburne,iwoodburnef@issuu.com,male,iwoodburnef,3531849167,08-01-1997,140317,Afghanistan,Nīmrūz,32 Charing Cross Plaza,Pass@123
Renell,L,Callendar,rcallendarg@networksolutions.com,male,rcallendarg,4629846262,09-10-2004,59800,Afghanistan,Takhār,82564 Montana Junction,Pass@123
Delbert,D,Pigeram,dpigeramh@godaddy.com,female,dpigeramh,3891016015,09-12-2005,1151,Afghanistan,Herat,27339 Reinke Center,Pass@123
Fleurette,K,Somersett,fsomersetti@sphinn.com,male,fsomersetti,5731084996,04-01-1997,65105,Afghanistan,Jowzjān,16087 Cody Circle,Pass@123
Twyla,L,Guierre,tguierrej@csmonitor.com,male,tguierrej,9852272546,19-04-1997,1151,Afghanistan,Ghowr,379 Pawling Trail,Pass@123
Stafford,S,Folkes,sfolkesk@last.fm,male,sfolkesk,7535827723,05-05-2004,13170,Afghanistan,Sar-e Pol,00140 1st Center,Pass@123
Margo,S,Rexworthy,mrexworthyl@google.nl,male,mrexworthyl,4732997090,01-06-1999,69644 CEDEX,Afghanistan,Sar-e Pol,9 Doe Crossing Court,Pass@123
Leonora,W,Phebey,lphebeym@nasa.gov,male,lphebeym,1899708595,16-09-2000,13170,Afghanistan,Samangān,0171 Steensland Center,Pass@123
Tildie,Q,Ockendon,tockendonn@vimeo.com,male,tockendonn,8867258934,19-05-2004,1151,Afghanistan,Takhār,4562 Maywood Pass,Pass@123
Palm,L,Rowley,prowleyo@house.gov,female,prowleyo,7318302557,10-08-2002,24-160,Afghanistan,Jowzjān,51231 Meadow Vale Parkway,Pass@123
Hermione,E,Aylwin,haylwinp@theglobeandmail.com,male,haylwinp,4667751455,26-12-1999,1151,Afghanistan,Kunduz,62080 Vidon Pass,Pass@123
Wilfred,M,Lyddiatt,wlyddiattq@parallels.com,male,wlyddiattq,5098630929,24-12-2000,356-0024,Afghanistan,Wilāyat-e Baghlān,6 Truax Street,Pass@123
Hamlen,R,Mewitt,hmewittr@omniture.com,male,hmewittr,5611103146,20-08-1996,1151,Afghanistan,Kabul,3069 Beilfuss Lane,Pass@123
Saudra,T,Kinnoch,skinnochs@usda.gov,male,skinnochs,3499372063,29-11-2005,8508,Afghanistan,Wilāyat-e Baghlān,19413 Shasta Park,Pass@123
Codee,Y,Gillise,cgilliset@webnode.com,male,cgilliset,4125003662,21-10-1997,58790-000,Afghanistan,Faryab,8 Dwight Park,Pass@123
Farley,U,Cavet,fcavetu@jigsy.com,male,fcavetu,5632926375,18-12-1998,98044,Afghanistan,Laghmān,228 Vera Center,Pass@123
Derril,I,Meecher,dmeecherv@soup.io,female,dmeecherv,3717161937,06-11-1999,94414 CEDEX,Afghanistan,Balkh,30 Kings Parkway,Pass@123
Jori,S,Plumstead,jplumsteadw@edublogs.org,male,jplumsteadw,9968514103,07-08-1999,58790-000,Afghanistan,Helmand,44500 John Wall Park,Pass@123
Koral,S,Gregoriou,kgregorioux@geocities.com,male,kgregorioux,3046171949,01-12-2003,356-0024,Afghanistan,Herat,345 Miller Center,Pass@123
Samantha,S,Varney,svarneyy@facebook.com,female,svarneyy,9466544051,27-07-1997,18-421,Afghanistan,Kunduz,6 Debra Street,Pass@123
Wiatt,M,Burnett,wburnettz@blinklist.com,female,wburnettz,6259748088,22-12-2000,98044,Afghanistan,Khowst,900 Stoughton Hill,Pass@123
Marlin,L,Penley,mpenley10@answers.com,female,mpenley10,3538812389,22-06-1996,31180,Afghanistan,Balkh,86 Bonner Parkway,Pass@123
Chery,O,Tatnell,ctatnell11@addtoany.com,female,ctatnell11,6431504100,03-04-1997,98044,Afghanistan,Nīmrūz,4 Caliangt Circle,Pass@123
Andee,P,De Gregorio,adegregorio12@hugedomains.com,female,adegregorio12,8737763133,12-06-2000,31180,Afghanistan,Kunduz,1640 Straubel Park,Pass@123
Aldo,A,Kopke,akopke13@wp.com,male,akopke13,4255960713,22-06-2001,43260,Afghanistan,Herat,9 Fordem Circle,Pass@123
Catarina,M,Eates,ceates14@wiley.com,female,ceates14,5138617426,08-04-1997,LS9,Afghanistan,Kandahār,40 Kennedy Plaza,Pass@123
Minnaminnie,S,Goodered,mgoodered15@imgur.com,female,mgoodered15,1174796594,15-12-2003,98044,Afghanistan,Kabul,0 Tony Point,Pass@123
Kaitlin,S,Charlot,kcharlot16@sphinn.com,male,kcharlot16,8429286144,09-12-2002,31180,Afghanistan,Nangarhār,5 Sachs Park,Pass@123
Cheston,S,Primo,cprimo17@de.vu,male,cprimo17,6088259479,26-04-2000,11704,Afghanistan,Parvān,48597 Oneill Circle,Pass@123
Norah,D,Keerl,nkeerl18@indiatimes.com,male,nkeerl18,1745522294,31-03-2000,98044,Afghanistan,Herat,5088 Scott Plaza,Pass@123
Rania,M,O'Curran,rocurran19@marketwatch.com,female,rocurran19,6881638425,27-01-2003,31180,Afghanistan,Badghis,40 Montana Center,Pass@123
Merl,L,Doll,mdoll1a@usgs.gov,male,mdoll1a,4928596001,17-02-2004,98044,Afghanistan,Ghaznī,762 Macpherson Junction,Pass@123
Willi,S,Clawley,wclawley1b@wikia.com,female,wclawley1b,2575714408,25-05-1999,31180,Afghanistan,Helmand,79078 Kropf Plaza,Pass@123
Karole,F,Reveley,kreveley1c@yandex.ru,female,kreveley1c,7501657508,15-04-2005,368458,Afghanistan,Paktia,39 Nancy Way,Pass@123
Dalia,G,Tewkesbury,dtewkesbury1d@flickr.com,male,dtewkesbury1d,4148173200,16-10-1999,98044,Afghanistan,Badakhshan,05303 Walton Trail,Pass@123
Kari,M,Varty,kvarty1e@t-online.de,female,kvarty1e,6729851801,22-12-1998,31180,Afghanistan,Farah,6162 Pleasure Drive,Pass@123
Dorolisa,H,Bassill,dbassill1f@myspace.com,male,dbassill1f,6526333498,25-07-2000,75280 CEDEX 06,Afghanistan,Herat,90 Oneill Alley,Pass@123
Shantee,S,Romer,sromer1g@de.vu,male,sromer1g,4732750054,20-04-2005,68420-000,Afghanistan,Parvān,747 Prairie Rose Court,Pass@123
Demott,J,Hamstead,dhamstead1h@istockphoto.com,female,dhamstead1h,5229516771,19-10-2001,4135,Afghanistan,Lowgar,6 Cascade Center,Pass@123
Lory,K,Reinbech,lreinbech1i@deviantart.com,male,lreinbech1i,2462985004,18-12-2003,98044,Afghanistan,Bāmīān,846 Logan Avenue,Pass@123
Stesha,L,Komorowski,skomorowski1j@studiopress.com,male,skomorowski1j,8028911548,23-08-1999,31180,Afghanistan,Balkh,6 Bluejay Parkway,Pass@123
Nero,Z,Edes,nedes1k@wordpress.com,male,nedes1k,6618442953,16-04-1998,98044,Afghanistan,Wilāyat-e Baghlān,207 Anthes Alley,Pass@123
Nilson,L,McEnery,nmcenery1l@nytimes.com,female,nmcenery1l,8183516320,03-02-2002,31180,Afghanistan,Takhār,594 Morningstar Junction,Pass@123
Mariejeanne,L,Gymlett,mgymlett1m@drupal.org,female,mgymlett1m,8118063523,02-08-2002,75280 CEDEX 06,Afghanistan,Konar,471 Old Shore Alley,Pass@123
Gasper,S,Pietruszka,gpietruszka1n@studiopress.com,male,gpietruszka1n,6443954011,27-07-1999,50120,Afghanistan,Konar,2037 Caliangt Lane,Pass@123
Magdalen,X,Jandel,mjandel1o@wikipedia.org,female,mjandel1o,7985034300,02-12-2001,939-1733,Afghanistan,Faryab,7467 Wayridge Drive,Pass@123
Terrye,S,Kumar,tkumar1p@nhs.uk,female,tkumar1p,9694700781,16-12-2002,75280 CEDEX 06,Afghanistan,Panjshir,2 Pennsylvania Terrace,Pass@123
Hugh,C,Collomosse,hcollomosse1q@t-online.de,female,hcollomosse1q,8783216507,04-04-2003,L7A,Afghanistan,Nangarhār,373 Surrey Terrace,Pass@123
Fancy,V,McCard,fmccard1r@thetimes.co.uk,male,fmccard1r,5579338748,24-09-2002,820-1114,Antigua and Barbuda,Saint John,1 Harper Drive,Pass@123
Sandor,B,Tramel,stramel1s@bbb.org,male,stramel1s,1075312447,26-11-2005,4615-178,Anguilla,N/A,51 Sunbrook Way,Pass@123
Winfield,S,Grundwater,wgrundwater1t@tripadvisor.com,female,wgrundwater1t,6016015093,24-07-1997,39204,Albania,Vlorë,9332 Dahle Junction,Pass@123
Berty,N,Crudge,bcrudge1u@fc2.com,male,bcrudge1u,4297677529,30-01-2001,L9T,Albania,Kukës,115 Parkside Alley,Pass@123
Tersina,L,Corley,tcorley1v@123-reg.co.uk,male,tcorley1v,7083217003,31-03-2002,3502,Albania,Korçë,95182 Dawn Point,Pass@123
Rena,S,Petrollo,rpetrollo1w@gizmodo.com,male,rpetrollo1w,3664433525,19-04-2003,84120,Albania,Gjirokastër,7 Gulseth Plaza,Pass@123
Ozzy,M,Dufton,odufton1x@java.com,female,odufton1x,5458006982,25-11-2005,38066 CEDEX 2,Albania,Elbasan,50 Blue Bill Park Terrace,Pass@123
Juli,Q,Ilyukhov,jilyukhov1y@latimes.com,female,jilyukhov1y,7255469714,05-12-2002,84120,Albania,Dibër,5 Cody Point,Pass@123
Hertha,W,Capron,hcapron1z@ca.gov,male,hcapron1z,6195078183,13-03-1997,939-1733,Albania,Vlorë,927 Texas Avenue,Pass@123
Laird,M,Cristofano,lcristofano20@lycos.com,male,lcristofano20,9756596367,31-08-2001,75280 CEDEX 06,Albania,Tiranë,3 Vernon Point,Pass@123
Jeramey,E,Heales,jheales21@storify.com,female,jheales21,3724486054,04-11-2000,4560-750,Albania,Shkodër,285 Heffernan Point,Pass@123
Ivan,R,Reinbach,ireinbach22@foxnews.com,male,ireinbach22,7142976488,19-12-1997,84120,Albania,Fier,6 Dawn Place,Pass@123
Bancroft,T,Scough,bscough23@aboutads.info,male,bscough23,3645698165,16-02-2002,3514,Albania,Fier,35585 Monterey Street,Pass@123
Austin,Y,de Vaen,adevaen24@histats.com,female,adevaen24,9793358311,07-05-2002,939-1733,Albania,Lezhë,6143 Jenna Street,Pass@123
Gardiner,M,Forber,gforber25@imageshack.us,male,gforber25,3184858670,26-10-2003,75280 CEDEX 06,Albania,Lezhë,28 Dapin Avenue,Pass@123
Trstram,U,Tozer,ttozer26@wsj.com,female,ttozer26,8555612028,22-07-2005,1005,Albania,Berat,874 La Follette Avenue,Pass@123
Alyosha,I,Spriggen,aspriggen27@hexun.com,male,aspriggen27,8385308908,12-04-2005,7020,Albania,Durrës,47368 Atwood Crossing,Pass@123
Zabrina,O,Andreix,zandreix28@chron.com,male,zandreix28,5048731509,18-10-2002,630534,Albania,Tiranë,9 Roth Lane,Pass@123
Vanny,S,Burfitt,vburfitt29@seesaa.net,female,vburfitt29,4487659587,26-07-1997,1005,Albania,Fier,6130 Paget Plaza,Pass@123
Gino,P,Nibley,gnibley2a@tripod.com,male,gnibley2a,7643207730,19-12-1996,7020,Albania,Fier,27 Main Street,Pass@123
Alyss,A,Barok,abarok2b@umn.edu,female,abarok2b,3855819835,11-08-1999,J7R,Albania,Durrës,076 Homewood Crossing,Pass@123
Niki,D,Carley,ncarley2c@webnode.com,female,ncarley2c,7402517782,03-10-1999,1005,Albania,Berat,4 Judy Parkway,Pass@123
Larina,L,Brownsworth,lbrownsworth2d@icq.com,male,lbrownsworth2d,3914009345,25-12-1997,7020,Armenia,Syunik Province,52 Comanche Point,Pass@123
Bambi,L,Hummerston,bhummerston2e@indiatimes.com,female,bhummerston2e,7044150582,28-11-1998,95100,Armenia,Syunik Province,5 Hazelcrest Junction,Pass@123
Kippie,L,Willshaw,kwillshaw2f@google.co.uk,male,kwillshaw2f,1048137155,21-02-2000,9021,Armenia,Syunik Province,93153 Bluejay Drive,Pass@123
Jim,F,Davies,jdavies2g@parallels.com,male,jdavies2g,4031216392,01-10-1997,2970-303,Armenia,Ararat Province,231 Mallory Place,Pass@123
Shannah,S,Mullett,smullett2h@tripod.com,female,smullett2h,6848270503,17-12-2003,1005,Armenia,Ararat Province,0 Thackeray Crossing,Pass@123
Hugo,L,Gowrie,hgowrie2i@networkadvertising.org,male,hgowrie2i,4121738975,04-09-2003,7020,Armenia,Yerevan,126 Golf Course Alley,Pass@123
Cacilia,G,Flieger,cflieger2j@gnu.org,male,cflieger2j,9332619935,23-04-1997,9021,Armenia,Armavir Province,730 Brickson Park Way,Pass@123
Vasily,H,Field,vfield2k@imdb.com,male,vfield2k,1936272062,06-05-2004,1104,Armenia,Lori Province,079 Merrick Point,Pass@123
Nariko,L,Plaunch,nplaunch2l@devhub.com,male,nplaunch2l,5128750905,10-08-2003,361538,Armenia,Gegharkunik Province,9 4th Plaza,Pass@123
Star,L,Diperaus,sdiperaus2m@altervista.org,male,sdiperaus2m,8347254232,17-08-1996,9021,Armenia,Ararat Province,375 Monterey Alley,Pass@123
Rollie,J,Hanretty,rhanretty2n@arizona.edu,male,rhanretty2n,7194856519,10-11-2003,80945,Armenia,Lori Province,374 Oneill Point,Pass@123
Erich,K,Franceschielli,efranceschielli2o@networksolutions.com,female,efranceschielli2o,1126420222,05-03-2002,1005,Armenia,Gegharkunik Province,0636 Service Crossing,Pass@123
Maud,L,Bertolin,mbertolin2p@is.gd,male,mbertolin2p,9957435398,24-06-1996,7020,Armenia,Kotayk Province,55691 Knutson Alley,Pass@123
Dannel,M,Gery,dgery2q@prlog.org,male,dgery2q,9526814240,25-02-2004,9021,Armenia,Armavir Province,30 Darwin Court,Pass@123
Wynne,L,Lebbon,wlebbon2r@scribd.com,male,wlebbon2r,5473758095,24-05-2000,40050,Armenia,Shirak Province,812 Blaine Point,Pass@123
