FirstName,MiddleName,LastName,Email,Gender,UserName,Phone,DOB,PostalCode,Country,State,StreetAddress,Password
Nik,S,Cru,ncrusham1@oakley.com,male,ncrusham25,5616302171,2003-12-10,7390,Argentina,Santa Fe,778 Sunbrook Road,Pass@123
Jazmin,F,Crampsy,jcrampsy5l@wordpress.org,male,jcrampsy5l,9147069575,1999-12-10,F26,Afghanistan,Farah,97312 Bluestem Crossing,Pass@123
Harrison,H,Frisdick,hfrisdick5m@google.it,female,hfrisdick5m,6118398378,1999-01-17,56110,Afghanistan,Herat,48044 Union Crossing,Pass@123
Leisha,J,Hinchon,lhinchon5n@bluehost.com,male,lhinchon5n,2812123591,2000-10-21,60657,United Arab Emirates,Umm al Qaywayn,0 Eliot Center,Pass@123
Artus,S,Mitkin,amitkin5o@nature.com,female,amitkin5o,3218344128,1998-10-25,614532,United Arab Emirates,Raʼs al Khaymah,29883 Ridgeview Street,Pass@123
Christopher,I,Geockle,cgeockle5p@seattletimes.com,female,cgeockle5p,2041263451,2000-03-17,8411,United Arab Emirates,Ash Shāriqah,60 Prentice Drive,Pass@123
Hadrian,L,Grocott,hgrocott5q@addtoany.com,female,hgrocott5q,6279853860,1999-06-24,F26,United Arab Emirates,Dubai,58084 Fisk Circle,Pass@123
Nike,L,Pinxton,npinxton5r@geocities.com,female,npinxton5r,4511739084,1996-06-19,56110,United Arab Emirates,Al Fujayrah,9417 7th Lane,Pass@123
Bertie,M,Owlner,bowlner5s@google.cn,female,bowlner5s,9222179106,1998-03-27,60657,United Arab Emirates,Al Fujayrah,51 Di Loreto Point,Pass@123
Blondelle,S,MacCracken,bmaccracken5t@yellowbook.com,female,bmaccracken5t,3262727982,1999-07-02,614532,United Arab Emirates,Ash Shāriqah,0 Mariners Cove Alley,Pass@123
Kimberlee,B,Petrishchev,kpetrishchev5u@rambler.ru,male,kpetrishchev5u,1354842951,2005-03-03,8411,United Arab Emirates,Abu Dhabi,82437 Pierstorff Way,Pass@123
Claudine,S,Lindmark,clindmark5v@over-blog.com,female,clindmark5v,1097662969,2002-11-28,60657,United Arab Emirates,Al Fujayrah,7558 Ruskin Park,Pass@123
Sib,L,Cowely,scowely5w@sina.com.cn,male,scowely5w,4932999544,1996-07-20,6012,United Arab Emirates,Abu Dhabi,78949 Amoth Alley,Pass@123
Karlotte,L,McCartan,kmccartan5x@tumblr.com,male,kmccartan5x,8382200737,2000-03-16,201018,United Arab Emirates,Ajman,57 Hansons Crossing,Pass@123
Lissi,Y,Wait,lwait5y@weibo.com,male,lwait5y,9735896647,1997-12-21,59-706,United Arab Emirates,Ash Shāriqah,1696 Lukken Pass,Pass@123
Jarib,L,Verdie,jverdie5z@cpanel.net,male,jverdie5z,2646667167,2004-09-13,1151,United Arab Emirates,Abu Dhabi,1 Shelley Junction,Pass@123
Jaquelin,L,Formigli,jformigli60@google.de,male,jformigli60,4393679022,2000-02-01,140317,Afghanistan,Nīmrūz,32 Charing Cross Plaza,Pass@123
Rockey,D,Bernardelli,rbernardelli61@vkontakte.ru,female,rbernardelli61,6824058341,1997-12-09,59800,Afghanistan,Takhār,82564 Montana Junction,Pass@123
Devon,K,Beaudry,dbeaudry62@adobe.com,male,dbeaudry62,2147524537,2003-07-24,1151,Afghanistan,Herat,27339 Reinke Center,Pass@123
Belinda,L,Bate,bbate63@dailymotion.com,male,bbate63,4348786938,1999-09-11,65105,Afghanistan,Jowzjān,16087 Cody Circle,Pass@123
Roi,S,Hardcastle,rhardcastle64@google.co.uk,male,rhardcastle64,6406181337,2001-08-17,1151,Afghanistan,Ghowr,379 Pawling Trail,Pass@123
Kinsley,S,Balleine,kballeine65@netlog.com,male,kballeine65,5304272165,2004-05-01,13170,Afghanistan,Sar-e Pol,00140 1st Center,Pass@123
Brenda,W,Kornacki,bkornacki66@reference.com,male,bkornacki66,8442146852,1999-11-21,69644 CEDEX,Afghanistan,Sar-e Pol,9 Doe Crossing Court,Pass@123
Raffaello,Q,Sibbe,rsibbe67@issuu.com,male,rsibbe67,6865945980,2002-06-29,13170,Afghanistan,Samangān,0171 Steensland Center,Pass@123
Pearl,L,Ismay,pismay68@shinystat.com,female,pismay68,2914876802,1999-12-30,1151,Afghanistan,Takhār,4562 Maywood Pass,Pass@123
Olivero,E,Secretan,osecretan69@pinterest.com,male,osecretan69,5046976210,1997-10-31,24-160,Afghanistan,Jowzjān,51231 Meadow Vale Parkway,Pass@123
Aridatha,M,Eye,aeye6a@sitemeter.com,male,aeye6a,3329498155,2005-09-01,1151,Afghanistan,Kunduz,62080 Vidon Pass,Pass@123
Remington,R,Weare,rweare6b@taobao.com,male,rweare6b,1535526881,1999-03-21,356-0024,Afghanistan,Wilāyat-e Baghlān,6 Truax Street,Pass@123
Tyne,T,Dyster,tdyster6c@nsw.gov.au,male,tdyster6c,5479550736,1999-01-13,1151,Afghanistan,Kabul,3069 Beilfuss Lane,Pass@123
Jamesy,Y,Florentine,jflorentine6d@wikimedia.org,male,jflorentine6d,9697133546,2002-09-25,8508,Afghanistan,Wilāyat-e Baghlān,19413 Shasta Park,Pass@123
Blondelle,U,Grossier,bgrossier6e@smh.com.au,male,bgrossier6e,9823380122,1998-04-07,58790-000,Afghanistan,Faryab,8 Dwight Park,Pass@123
Hedi,I,Whistance,hwhistance6f@cnbc.com,female,hwhistance6f,5004494929,1998-10-21,98044,Afghanistan,Laghmān,228 Vera Center,Pass@123
Gary,S,Ventom,gventom6g@omniture.com,male,gventom6g,2367725801,2003-01-09,94414 CEDEX,Afghanistan,Balkh,30 Kings Parkway,Pass@123
Chancey,S,Gottschalk,cgottschalk6h@deliciousdays.com,male,cgottschalk6h,9979030935,1996-08-29,58790-000,Afghanistan,Helmand,44500 John Wall Park,Pass@123
Duky,S,Macer,dmacer6i@google.es,female,dmacer6i,6197329121,2003-04-03,356-0024,Afghanistan,Herat,345 Miller Center,Pass@123
Tammy,M,Ghidini,tghidini6j@redcross.org,female,tghidini6j,2576792411,1998-12-25,18-421,Afghanistan,Kunduz,6 Debra Street,Pass@123
Bryan,L,Point,bpoint6k@upenn.edu,female,bpoint6k,4567027862,1998-07-09,98044,Afghanistan,Khowst,900 Stoughton Hill,Pass@123
Goldarina,O,Ainslee,gainslee6l@behance.net,female,gainslee6l,1043655381,1998-08-15,31180,Afghanistan,Balkh,86 Bonner Parkway,Pass@123
Burty,P,Credland,bcredland6m@uiuc.edu,female,bcredland6m,6477798531,1998-02-07,98044,Afghanistan,Nīmrūz,4 Caliangt Circle,Pass@123
Darb,A,Huck,dhuck6n@seattletimes.com,male,dhuck6n,9044893918,1999-01-14,31180,Afghanistan,Kunduz,1640 Straubel Park,Pass@123
Cecile,M,Besset,cbesset6o@cnet.com,female,cbesset6o,9887744202,1997-07-23,43260,Afghanistan,Herat,9 Fordem Circle,Pass@123
Fawn,S,Golbourn,fgolbourn6p@zdnet.com,female,fgolbourn6p,9134982821,2005-08-21,LS9,Afghanistan,Kandahār,40 Kennedy Plaza,Pass@123
Rachael,S,O'Lagen,rolagen6q@un.org,male,rolagen6q,9781862906,2005-07-31,98044,Afghanistan,Kabul,0 Tony Point,Pass@123
Lila,S,Curcher,lcurcher6r@boston.com,male,lcurcher6r,2101360652,2005-06-24,31180,Afghanistan,Nangarhār,5 Sachs Park,Pass@123
Lorin,D,Korous,lkorous6s@unblog.fr,male,lkorous6s,6484684049,2003-10-26,11704,Afghanistan,Parvān,48597 Oneill Circle,Pass@123
Rosa,M,Whitten,rwhitten6t@hatena.ne.jp,female,rwhitten6t,2583887786,1999-06-23,98044,Afghanistan,Herat,5088 Scott Plaza,Pass@123
Leonore,L,Rosa,lrosa6u@nyu.edu,male,lrosa6u,5289683191,2005-06-25,31180,Afghanistan,Badghis,40 Montana Center,Pass@123
Danell,S,McKerton,dmckerton6v@stanford.edu,female,dmckerton6v,7785235700,2005-09-05,98044,Afghanistan,Ghaznī,762 Macpherson Junction,Pass@123
Johann,F,O'Hartnedy,johartnedy6w@harvard.edu,female,johartnedy6w,7049155567,2003-06-23,31180,Afghanistan,Helmand,79078 Kropf Plaza,Pass@123
Robbie,G,Boreland,rboreland6x@blogspot.com,male,rboreland6x,4839422843,1998-02-22,368458,Afghanistan,Paktia,39 Nancy Way,Pass@123
Lorenza,M,Pacey,lpacey6y@instagram.com,female,lpacey6y,6781826505,2001-04-29,98044,Afghanistan,Badakhshan,05303 Walton Trail,Pass@123
Sherlocke,H,Flanne,sflanne6z@topsy.com,male,sflanne6z,3639895545,1996-09-27,31180,Afghanistan,Farah,6162 Pleasure Drive,Pass@123
Thorny,S,Barus,tbarus70@slate.com,male,tbarus70,6381390510,2003-10-07,75280 CEDEX 06,Afghanistan,Herat,90 Oneill Alley,Pass@123
Donall,J,Winn,dwinn71@webmd.com,female,dwinn71,5774469302,2001-12-20,68420-000,Afghanistan,Parvān,747 Prairie Rose Court,Pass@123
Benedicto,K,Storck,bstorck72@spotify.com,male,bstorck72,7611828288,2003-09-08,4135,Afghanistan,Lowgar,6 Cascade Center,Pass@123
Estelle,L,Bellerby,ebellerby73@ezinearticles.com,male,ebellerby73,5442424190,1997-09-07,98044,Afghanistan,Bāmīān,846 Logan Avenue,Pass@123
Taylor,Z,Tuddenham,ttuddenham74@macromedia.com,male,ttuddenham74,5604247442,2005-08-16,31180,Afghanistan,Balkh,6 Bluejay Parkway,Pass@123
Atlanta,L,Chesterfield,achesterfield75@jigsy.com,female,achesterfield75,2108487137,1999-05-10,98044,Afghanistan,Wilāyat-e Baghlān,207 Anthes Alley,Pass@123
Ulla,L,Neller,uneller76@bloglines.com,female,uneller76,2551836299,2003-12-17,31180,Afghanistan,Takhār,594 Morningstar Junction,Pass@123
Deane,S,Kidder,dkidder77@slashdot.org,male,dkidder77,5044947967,1998-11-04,75280 CEDEX 06,Afghanistan,Konar,471 Old Shore Alley,Pass@123
Cordi,X,Hallows,challows78@who.int,female,challows78,3709816182,2004-04-25,50120,Afghanistan,Konar,2037 Caliangt Lane,Pass@123
Jenn,S,Danaher,jdanaher79@networkadvertising.org,female,jdanaher79,1341422092,1998-11-17,939-1733,Afghanistan,Faryab,7467 Wayridge Drive,Pass@123
Susie,C,McSherry,smcsherry7a@mit.edu,female,smcsherry7a,9795730495,2002-01-06,75280 CEDEX 06,Afghanistan,Panjshir,2 Pennsylvania Terrace,Pass@123
Cleopatra,V,Tomkiss,ctomkiss7b@zimbio.com,male,ctomkiss7b,4157473399,2001-08-17,L7A,Afghanistan,Nangarhār,373 Surrey Terrace,Pass@123
Tomas,B,de Amaya,tdeamaya7c@odnoklassniki.ru,male,tdeamaya7c,3218085642,1996-12-02,820-1114,Antigua and Barbuda,Saint John,1 Harper Drive,Pass@123
Chere,S,Lease,clease7d@google.com.au,female,clease7d,2445997366,2005-02-17,4615-178,Anguilla,N/A,51 Sunbrook Way,Pass@123
Lexie,N,Canlin,lcanlin7e@elpais.com,male,lcanlin7e,4475563824,2005-03-24,39204,Albania,Vlorë,9332 Dahle Junction,Pass@123
Aarika,L,Giraux,agiraux7f@slideshare.net,male,agiraux7f,3247205306,2001-02-24,L9T,Albania,Kukës,115 Parkside Alley,Pass@123
Lise,S,Arntzen,larntzen7g@cafepress.com,male,larntzen7g,1227659733,2004-11-10,3502,Albania,Korçë,95182 Dawn Point,Pass@123
Way,M,Eastwell,weastwell7h@imgur.com,female,weastwell7h,9467757903,2001-05-05,84120,Albania,Gjirokastër,7 Gulseth Plaza,Pass@123
Lenci,Q,Berthome,lberthome7i@behance.net,female,lberthome7i,6623654426,1996-07-22,38066 CEDEX 2,Albania,Elbasan,50 Blue Bill Park Terrace,Pass@123
Bel,W,Pace,bpace7j@networksolutions.com,male,bpace7j,4025857897,1999-08-06,84120,Albania,Dibër,5 Cody Point,Pass@123
Joye,M,Tathacott,jtathacott7k@cmu.edu,male,jtathacott7k,3436130941,2001-09-20,939-1733,Albania,Vlorë,927 Texas Avenue,Pass@123
Noak,E,Hart,nhart7l@hubpages.com,female,nhart7l,8154969608,2001-09-24,75280 CEDEX 06,Albania,Tiranë,3 Vernon Point,Pass@123
Jacob,R,Ecclesall,jecclesall7m@telegraph.co.uk,male,jecclesall7m,1963680557,2003-06-21,4560-750,Albania,Shkodër,285 Heffernan Point,Pass@123
Lowrance,T,Riddington,lriddington7n@slashdot.org,male,lriddington7n,6606787470,2003-05-11,84120,Albania,Fier,6 Dawn Place,Pass@123
Orland,Y,Bleakley,obleakley7o@drupal.org,female,obleakley7o,9302404283,1997-01-30,3514,Albania,Fier,35585 Monterey Street,Pass@123
Ruttger,M,Koppel,rkoppel7p@slate.com,male,rkoppel7p,7706953083,1999-11-10,939-1733,Albania,Lezhë,6143 Jenna Street,Pass@123
Branden,U,Pickerin,bpickerin7q@prlog.org,female,bpickerin7q,1035383796,2004-02-11,75280 CEDEX 06,Albania,Lezhë,28 Dapin Avenue,Pass@123
Cheslie,I,Coggeshall,ccoggeshall7r@princeton.edu,male,ccoggeshall7r,5546887437,2000-11-25,1005,Albania,Berat,874 La Follette Avenue,Pass@123
Engelbert,O,Frake,efrake7s@usnews.com,male,efrake7s,2173713047,2005-03-30,7020,Albania,Durrës,47368 Atwood Crossing,Pass@123
Othella,S,Dorbin,odorbin7t@delicious.com,female,odorbin7t,8217595293,2002-05-04,630534,Albania,Tiranë,9 Roth Lane,Pass@123
Purcell,P,Blasli,pblasli7u@google.cn,male,pblasli7u,9421719904,2004-10-28,1005,Albania,Fier,6130 Paget Plaza,Pass@123
Susannah,A,Brosius,sbrosius7v@tuttocitta.it,female,sbrosius7v,6802655463,1998-04-21,7020,Albania,Fier,27 Main Street,Pass@123
Vasili,D,Dandy,vdandy7w@dailymail.co.uk,female,vdandy7w,7962064210,1997-03-29,J7R,Albania,Durrës,076 Homewood Crossing,Pass@123
Blaine,L,Ambrogiotti,bambrogiotti7x@ebay.com,male,bambrogiotti7x,3104260366,1998-11-08,1005,Albania,Berat,4 Judy Parkway,Pass@123
Eve,L,Deem,edeem7y@yelp.com,female,edeem7y,4649630285,2005-05-10,7020,Armenia,Syunik Province,52 Comanche Point,Pass@123
Urbain,L,Fysh,ufysh7z@zdnet.com,male,ufysh7z,1714738176,1996-09-17,95100,Armenia,Syunik Province,5 Hazelcrest Junction,Pass@123
Dyna,F,Humphery,dhumphery80@dyndns.org,male,dhumphery80,1173481854,1997-08-02,9021,Armenia,Syunik Province,93153 Bluejay Drive,Pass@123
Patton,S,Ogley,pogley81@narod.ru,female,pogley81,4605482543,2002-04-15,2970-303,Armenia,Ararat Province,231 Mallory Place,Pass@123
Bari,L,Lafontaine,blafontaine82@1und1.de,male,blafontaine82,4625780367,2000-09-25,1005,Armenia,Ararat Province,0 Thackeray Crossing,Pass@123
Carly,G,Buick,cbuick83@samsung.com,male,cbuick83,9997294570,1998-09-10,7020,Armenia,Yerevan,126 Golf Course Alley,Pass@123
Brynn,H,Dorrell,bdorrell84@whitehouse.gov,male,bdorrell84,5783734055,2003-06-29,9021,Armenia,Armavir Province,730 Brickson Park Way,Pass@123
Nettie,L,Mellish,nmellish85@cnn.com,male,nmellish85,8896688103,2003-06-27,1104,Armenia,Lori Province,079 Merrick Point,Pass@123
Kriste,L,Jerams,kjerams86@exblog.jp,male,kjerams86,8858944274,1998-01-06,361538,Armenia,Gegharkunik Province,9 4th Plaza,Pass@123
Tanya,J,Pache,tpache87@joomla.org,male,tpache87,4682303374,1998-03-20,9021,Armenia,Ararat Province,375 Monterey Alley,Pass@123
Linnell,K,Dumbreck,ldumbreck88@typepad.com,female,ldumbreck88,4423046052,1996-08-20,80945,Armenia,Lori Province,374 Oneill Point,Pass@123
Thea,L,Addeycott,taddeycott89@sun.com,male,taddeycott89,7392111386,2004-08-31,1005,Armenia,Gegharkunik Province,0636 Service Crossing,Pass@123
Laureen,M,Reidie,lreidie8a@mail.ru,male,lreidie8a,8347632231,1997-08-08,7020,Armenia,Kotayk Province,55691 Knutson Alley,Pass@123
Deane,L,Sawdy,dsawdy8b@cbc.ca,male,dsawdy8b,5443417906,2001-04-29,9021,Armenia,Armavir Province,30 Darwin Court,Pass@123
