FirstName,LastName,Email,Gender,UserName,DOB,PhoneNo,Country,MiddleName,NokName,NokContactNumber,NokContactEmail,PostalCode,State,StreetAddress,Password,GatewayName,GatewayMacId,GatewayNameEdit,SensorName,SensorMacId,SensorNameEdit,OrganizationEmail,OrgPrimContact,OrgSecContact,OrgName,OrgPhn,OrgPrimNumber,OrgSecNumber,StreetAddressEdit,LoginUserName
Julienne,Fife,fgretton4u@hubpages.com,female,fgretton4u,2020-05-12,2845942415,Argentina,E,Lonnie,8402391032,fgretton4u@java.com,3700-871,Shkodër,038 Butternut Road,Pass@123,Gabriellia,GatewayMacId0374,Chelsey,Gretton,SensorMacId0375,Flory,fgretton4u@google.es,Ferguson,Phylis,Zoomcast,2866389024,3399943273,1939352188,1677 Summerview Trail,irrane1234
Roch,Hovey,bclink4v@bandcamp.com,male,bclink4v,2021-04-04,6025358977,Albania,R,Doro,9097019259,bclink4v@hostgator.com,3700-871,Fier,3 Pearson Avenue,Pass@123,Sherilyn,GatewayMacId0375,Christye,Clink,SensorMacId0376,Em,bclink4v@a8.net,Bartlet,Tori,Mycat,4889501088,9295696627,1102152563,5 Gulseth Street,nstuckes2t
Cari,Blaine,sgoodin4w@plala.or.jp,male,sgoodin4w,2021-04-26,3861136746,Argentina,T,Dorelia,3643715874,sgoodin4w@privacy.gov.au,3700-871,Fier,795 Glacier Hill Trail,Pass@123,Gerti,GatewayMacId0376,Brianne,Goodin,SensorMacId0377,Arlen,sgoodin4w@jiathis.com,Sherwynd,Missy,Abatz,2857459815,4742018463,7875682329,54 Northland Park,aotterwell2u
Debi,Castells,amelledy4x@japanpost.jp,female,amelledy4x,2020-10-15,2325787949,Australia,Y,Eulalie,4844786517,amelledy4x@friendfeed.com,3700-871,Lezhë,63970 Eliot Crossing,Pass@123,Hetti,GatewayMacId0377,Morena,Melledy,SensorMacId0378,Woodie,amelledy4x@reddit.com,Avram,Nelie,Devbug,1434513908,4772118707,6617650358,9257 Blue Bill Park Center,dbullimore2v
Libbey,Enoch,psoppeth4y@buzzfeed.com,male,psoppeth4y,2019-11-28,1781995117,Argentina,M,Malissia,1582403815,psoppeth4y@homestead.com,3700-871,Lezhë,190 Michigan Hill,Pass@123,Ynes,GatewayMacId0378,Rozamond,Soppeth,SensorMacId0379,Eartha,psoppeth4y@dailymail.co.uk,Paige,Delores,Viva,9876421349,7239054116,2175465919,3 Talisman Drive,llenham2w
Nelson,Clerk,icollingdon4z@nsw.gov.au,female,icollingdon4z,2020-02-09,7829747444,Argentina,U,Whitman,5955307853,icollingdon4z@odnoklassniki.ru,3700-871,Berat,99 Kinsman Court,Pass@123,Junia,GatewayMacId0379,Cosette,Collingdon,SensorMacId0380,Shawna,icollingdon4z@adobe.com,Izzy,Melloney,Dynava,1186111059,1407479926,2334133710,88 Cordelia Plaza,bmeth2x
Esra,Ferrarello,qtight50@themeforest.net,male,qtight50,2021-02-09,5885971624,Argentina,I,Lindy,2623272256,qtight50@europa.eu,3700-871,Durrës,435 Dorton Junction,Pass@123,Adiana,GatewayMacId0380,Tiffi,Tight,SensorMacId0381,Rowen,qtight50@wufoo.com,Quinton,Teodora,Chatterbridge,5775945838,4914574981,8617176319,16 Elgar Street,bdumphry2y
Cesya,Mannock,ljarmyn51@foxnews.com,male,ljarmyn51,2019-09-17,3937509949,Afghanistan,O,Kellsie,5033409089,ljarmyn51@dyndns.org,3700-871,Tiranë,1 Jackson Plaza,Pass@123,Lelia,GatewayMacId0381,Julieta,Jarmyn,SensorMacId0382,Clyve,ljarmyn51@google.ca,Lorens,Tierney,BlogXS,5689422182,3261659566,9144323670,5 Randy Circle,rbelk2z
Kamillah,Snepp,mrosenbarg52@cam.ac.uk,female,mrosenbarg52,2020-03-31,1495112794,Argentina,S,Abbe,5667278658,mrosenbarg52@phoca.cz,3700-871,Fier,147 Dorton Junction,Pass@123,Augusta,GatewayMacId0382,Celene,Rosenbarg,SensorMacId0383,Reyna,mrosenbarg52@smugmug.com,Marcus,Ame,DabZ,8958581959,1637658078,7657049386,3048 Katie Circle,sbinford30
Jacques,Ayars,wcrowter53@163.com,male,wcrowter53,2020-09-29,7777169781,Argentina,P,Darcey,6207484368,wcrowter53@irs.gov,3700-871,Fier,67797 Acker Lane,Pass@123,Corabelle,GatewayMacId0383,Charity,Crowter,SensorMacId0384,Olivette,wcrowter53@t.co,Walker,Althea,Mynte,3117021106,1093705090,9647491401,605 Menomonie Terrace,obartelli31
Madalena,Crang,lbritton54@fotki.com,female,lbritton54,2021-10-18,7234804992,Australia,A,Karee,2022978452,lbritton54@homestead.com,3700-871,Durrës,20 Birchwood Drive,Pass@123,Catlaina,GatewayMacId0384,Sherie,Britton,SensorMacId0385,Maury,lbritton54@alibaba.com,Lorrie,Verna,Miboo,8772801147,9578469983,8827054006,82685 Badeau Place,rjosse32
Leonardo,Kewzick,cseys55@globo.com,female,cseys55,2020-09-06,1502580803,Australia,D,Maryanne,5466687187,cseys55@pagesperso-orange.fr,3700-871,Berat,90464 Farwell Crossing,Pass@123,Marianna,GatewayMacId0385,Christine,Seys,SensorMacId0386,Krissie,cseys55@seesaa.net,Carlyle,Reba,Voonix,7743374374,5559523084,9279653933,56818 Towne Crossing,hbattlestone33
Minny,Pyatt,onoah56@thetimes.co.uk,male,onoah56,2021-07-15,5686687160,Armenia,L,Tate,1598635185,onoah56@flickr.com,3700-871,Syunik Province,81 Scofield Park,Pass@123,Danyelle,GatewayMacId0386,Ciel,Noah,SensorMacId0387,Alisander,onoah56@globo.com,Otes,Leshia,Riffpath,5597421393,5235311815,2944046196,7481 Sundown Point,rpittem34
Bambie,Brewerton,gscrimshire57@shutterfly.com,female,gscrimshire57,2020-10-13,7886768682,Argentina,L,Hobey,5885689852,gscrimshire57@sfgate.com,3700-871,Syunik Province,5 Sundown Court,Pass@123,Daffie,GatewayMacId0387,Rica,Scrimshire,SensorMacId0388,Nisse,gscrimshire57@soup.io,Guss,Julianna,Roodel,7485459585,6694573213,7706171417,73 Maywood Park,ppettifer35
Daune,Covil,mdeares58@psu.edu,male,mdeares58,2021-05-11,8436833530,Afghanistan,L,Dene,7063784632,mdeares58@cafepress.com,3700-871,Syunik Province,51171 Forest Run Point,Pass@123,Fannie,GatewayMacId0388,Sela,Deares,SensorMacId0389,Colver,mdeares58@unc.edu,Mattie,Kathie,Realcube,2679731765,3719053743,1494992251,46 Algoma Plaza,gmaty36
Mace,Edmonson,wbeeble59@buzzfeed.com,male,wbeeble59,2021-10-03,4289648269,Argentina,F,Celeste,2327529298,wbeeble59@google.com.br,3700-871,Ararat Province,677 Gina Road,Pass@123,Wileen,GatewayMacId0389,Maighdiln,Beeble,SensorMacId0390,Meredith,wbeeble59@scribd.com,Wilburt,Lilly,Bubblemix,6301469037,9375093827,5445761629,424 Brickson Park Park,mflippini37
Sophi,Bail,kmacgaughey5a@cyberchimps.com,female,kmacgaughey5a,2021-04-11,9134809698,Afghanistan,S,Greg,4282187950,kmacgaughey5a@netlog.com,3700-871,Ararat Province,097 Corscot Center,Pass@123,Chantalle,GatewayMacId0390,Juliet,MacGaughey,SensorMacId0391,Barny,kmacgaughey5a@hatena.ne.jp,Kippar,Robyn,Zoomzone,1989754455,3887137413,5248470799,45 Shopko Trail,wcheshire38
Giles,Nijssen,sbalaam5b@aol.com,male,sbalaam5b,2022-01-05,2208410090,Armenia,L,Lammond,6375835318,sbalaam5b@patch.com,3700-871,Yerevan,8 Lien Pass,Pass@123,Faustine,GatewayMacId0391,Kizzee,Balaam,SensorMacId0392,Bradley,sbalaam5b@vistaprint.com,Shae,Meridel,Photobug,2647313581,9884042667,5819799778,61152 Lyons Parkway,amungin39
Cullin,Bachshell,agutowski5c@alibaba.com,male,agutowski5c,2019-06-23,6846614597,Albania,G,Terza,3321163706,agutowski5c@hc360.com,3700-871,Armavir Province,4667 Holmberg Terrace,Pass@123,Anatola,GatewayMacId0392,Kizzee,Gutowski,SensorMacId0393,Katey,agutowski5c@umich.edu,Angelico,Claudine,Oyoloo,1711606923,6026661166,1061133035,94413 Westridge Parkway,eandriveaux3a
Lil,Osbaldeston,gleman5d@comsenz.com,male,gleman5d,2019-04-26,1449793880,Australia,H,Trenna,4963291191,gleman5d@digg.com,3700-871,Lori Province,4 Westport Parkway,Pass@123,Clotilda,GatewayMacId0393,Adela,Leman,SensorMacId0394,Bentlee,gleman5d@nifty.com,Gunter,Eilis,Demivee,6309410598,4831901089,2322714722,422 Prairieview Way,dwingeat3b
Rosamond,Dargan,bburgise5e@cdbaby.com,male,bburgise5e,2020-12-16,7794418036,Argentina,L,Max,5257598232,bburgise5e@bloglovin.com,3700-871,Gegharkunik Province,4359 Daystar Center,Pass@123,Illa,GatewayMacId0394,Kalila,Burgise,SensorMacId0395,Leda,bburgise5e@prnewswire.com,Bentley,Gene,Riffpedia,4192061239,8378999731,6513179121,814 Delaware Drive,zgerritsma3c
Lay,Bonwick,oharbinson5f@t.co,male,oharbinson5f,2019-07-13,9968871920,Argentina,L,Phylis,1674147440,oharbinson5f@comcast.net,3700-871,Ararat Province,71 Troy Parkway,Pass@123,Eudora,GatewayMacId0395,Erin,Harbinson,SensorMacId0396,Uta,oharbinson5f@booking.com,Orton,Inga,Omba,7546422153,8518042822,7438639923,03955 Lotheville Crossing,troyal3d
Cad,Bagenal,obalentyne5g@fc2.com,male,obalentyne5g,2019-11-05,3047754993,Argentina,J,Clementius,6479900965,obalentyne5g@joomla.org,3700-871,Lori Province,8 Mitchell Road,Pass@123,Veda,GatewayMacId0396,Siana,Balentyne,SensorMacId0397,Arny,obalentyne5g@nydailynews.com,Orran,Blinnie,Dabvine,8759152252,7527264547,6192576699,5939 Porter Trail,fbonnefin3e
Chicky,Strelitzer,ccourage5h@stanford.edu,female,ccourage5h,2019-05-21,6089123506,Argentina,K,Benedikta,6488019354,ccourage5h@slate.com,3700-871,Gegharkunik Province,4207 Anhalt Terrace,Pass@123,Allianora,GatewayMacId0397,Cherice,Courage,SensorMacId0398,Martha,ccourage5h@harvard.edu,Clayson,Ellissa,Kaymbo,8015983414,9501223155,8383645046,27 Golf View Center,clarenson3f
Tommie,Halloran,gsnaddin5i@wikimedia.org,male,gsnaddin5i,2020-09-05,9425255756,Armenia,L,Ealasaid,6223291782,gsnaddin5i@cafepress.com,3700-871,Kotayk Province,68 Eastwood Lane,Pass@123,Lillis,GatewayMacId0398,Alys,Snaddin,SensorMacId0399,Gussy,gsnaddin5i@google.co.uk,Georg,Shannon,Kwilith,3954279938,3002289807,5837132083,973 Tennessee Park,eferon3g
Dulcea,Trevett,tnucciotti5j@multiply.com,male,tnucciotti5j,2019-05-22,6294859151,Argentina,M,Gerda,8584316048,tnucciotti5j@trellian.com,3700-871,Armavir Province,86279 Jackson Avenue,Pass@123,Adey,GatewayMacId0399,Britney,Nucciotti,SensorMacId0400,Selie,tnucciotti5j@uol.com.br,Tedman,Jaquelin,Zazio,8773165052,6134438532,3553383669,29 Forest Crossing,redser3h
Padraig,Baumer,bhousbie5k@deliciousdays.com,male,bhousbie5k,2022-01-01,8229684252,Argentina,L,Jacklyn,9394120595,bhousbie5k@liveinternet.ru,3700-871,Shirak Province,9 Monica Pass,Pass@123,Gayle,GatewayMacId0400,Minerva,Housbie,SensorMacId0401,Kathe,bhousbie5k@pinterest.com,Basil,Karlene,Jayo,8603111701,8352676347,2817003591,080 Macpherson Crossing,ndownage3i
Magda,Wheldon,cjarrelt5l@businessinsider.com,male,cjarrelt5l,2021-09-18,9109912603,Armenia,L,Hamil,9743025688,cjarrelt5l@gov.uk,3700-871,Shirak Province,7219 Novick Alley,Pass@123,Marquita,GatewayMacId0401,Connie,Jarrelt,SensorMacId0402,Oralle,cjarrelt5l@google.nl,Cris,Kaitlyn,Demimbu,5427727580,2059440073,6014877370,2 Di Loreto Point,rvoisey3j
Victoir,Kmiec,mpudge5m@ox.ac.uk,male,mpudge5m,2019-12-18,4962807961,Armenia,L,Lethia,5193354811,mpudge5m@tripod.com,3700-871,Shirak Province,931 Kingsford Street,Pass@123,Elayne,GatewayMacId0402,Natala,Pudge,SensorMacId0403,Agustin,mpudge5m@imageshack.us,Matthaeus,Berget,Voomm,7117293102,9479206014,9207947154,3274 Ruskin Plaza,gmate3k
Gaven,Clow,fwidd5n@yelp.com,male,fwidd5n,2021-05-16,4241140580,Armenia,L,Padget,6211570585,fwidd5n@ebay.co.uk,3700-871,Shirak Province,529 Donald Circle,Pass@123,Catriona,GatewayMacId0403,Imogen,Widd,SensorMacId0404,Hilliary,fwidd5n@angelfire.com,Filmer,Heida,Yotz,3773667707,6938910891,6146823416,28 Lillian Alley,igruby3l
Otes,Ordish,bcampagne5o@dell.com,female,bcampagne5o,2019-08-19,3875840864,Armenia,L,Ketti,7676565333,bcampagne5o@imageshack.us,3700-871,Shirak Province,7 Banding Junction,Pass@123,Darla,GatewayMacId0404,Alissa,Campagne,SensorMacId0405,Tamera,bcampagne5o@mapy.cz,Bennie,Gipsy,Avamm,4334560694,4249021974,8008267170,982 Leroy Junction,arachuig3m
Stephenie,Larmuth,sgreenough5p@parallels.com,male,sgreenough5p,2019-12-11,8073229763,Armenia,L,Elwira,8128429400,sgreenough5p@upenn.edu,3700-871,Shirak Province,82293 Hagan Place,Pass@123,Noelle,GatewayMacId0405,Jobie,Greenough,SensorMacId0406,Milty,sgreenough5p@mtv.com,Saul,Marieann,Demivee,8346458158,3795445952,5621874645,93524 Marcy Place,fbodill3n
Gianna,Ussher,ysimonsson5q@blogs.com,male,ysimonsson5q,2021-12-03,8226157312,Armenia,L,Eddy,1471073532,ysimonsson5q@nytimes.com,3700-871,Shirak Province,916 Arizona Avenue,Pass@123,Jammie,GatewayMacId0406,Vonnie,Simonsson,SensorMacId0407,Steve,ysimonsson5q@shutterfly.com,Yehudi,Adelheid,JumpXS,7052974716,4996653105,2495751410,5675 Harper Junction,mgotcliff3o
Anne-marie,Kilcullen,dfairbard5r@last.fm,male,dfairbard5r,2022-01-28,2253789627,Armenia,L,Drew,6016009056,dfairbard5r@about.me,3700-871,Shirak Province,23 Farmco Center,Pass@123,Mina,GatewayMacId0407,Jolynn,Fairbard,SensorMacId0408,Letitia,dfairbard5r@sohu.com,Don,Moira,Skiba,1837741110,8523439727,2315735120,64451 Manley Point,fworcester3p
Linzy,Steen,iwarrick5s@hexun.com,female,iwarrick5s,2019-10-27,8403367216,Armenia,L,Joycelin,6494042022,iwarrick5s@seesaa.net,3700-871,Shirak Province,5 Amoth Alley,Pass@123,Faustine,GatewayMacId0408,Mignonne,Warrick,SensorMacId0409,Carey,iwarrick5s@addtoany.com,Isidoro,Caren,Fiveclub,8924035703,8747973625,8991997517,60 Westerfield Terrace,mhawford3q
Gordon,Cuttin,wvinden5t@ucoz.com,male,wvinden5t,2020-09-17,1111999578,Armenia,L,Cherry,7264720449,wvinden5t@oracle.com,3700-871,Shirak Province,5 Park Meadow Lane,Pass@123,Hanna,GatewayMacId0409,Tracey,Vinden,SensorMacId0410,Vittoria,wvinden5t@clickbank.net,Windham,Christel,Fivespan,3171433393,7093937936,2441979833,9 Nobel Parkway,jschulken3r
Fredelia,Glew,nast5u@who.int,male,nast5u,2020-10-10,2049858560,Armenia,L,Leanora,6945208837,nast5u@weibo.com,3700-871,Shirak Province,6 4th Road,Pass@123,Elli,GatewayMacId0410,Gilli,Ast,SensorMacId0411,Rowe,nast5u@cpanel.net,Nero,Verene,InnoZ,6306947478,1228612878,8432967135,643 Montana Crossing,rwagen3s
Ardella,Brazener,rpatershall5v@zdnet.com,male,rpatershall5v,2021-12-12,1834143137,Armenia,L,Bernette,3768821669,rpatershall5v@live.com,3700-871,Shirak Province,0120 Welch Pass,Pass@123,Ronalda,GatewayMacId0411,Coretta,Patershall,SensorMacId0412,Lyn,rpatershall5v@shinystat.com,Rolph,Ava,Jetwire,6184036715,1397680947,9178277149,31 Bartelt Street,ekimble3t
Tani,Thynn,gdunthorne5w@latimes.com,female,gdunthorne5w,2019-07-27,4575422956,Armenia,L,Laurette,1702683029,gdunthorne5w@answers.com,3700-871,Shirak Province,62331 Thierer Drive,Pass@123,Milly,GatewayMacId0412,Vivie,Dunthorne,SensorMacId0413,Vincenz,gdunthorne5w@studiopress.com,Godfry,Madge,Miboo,8324381153,9084843782,9796446366,43 Heffernan Street,eflieger3u
Issiah,Carcass,ffidgett5x@webs.com,male,ffidgett5x,2021-08-09,2313458189,Armenia,L,Christiana,1375788846,ffidgett5x@blogspot.com,3700-871,Shirak Province,7535 Center Crossing,Pass@123,Juieta,GatewayMacId0413,Shane,Fidgett,SensorMacId0414,Dalli,ffidgett5x@cbsnews.com,Fletcher,Julianna,Edgeclub,4775554514,8526928321,6149042358,46 Almo Hill,cgusticke3v
Clevie,Rocks,bhargey5y@geocities.com,male,bhargey5y,2019-08-24,6992159614,Armenia,L,Bliss,5897247065,bhargey5y@soup.io,3700-871,Shirak Province,979 Saint Paul Court,Pass@123,Anni,GatewayMacId0414,Jocelin,Hargey,SensorMacId0415,Elayne,bhargey5y@youku.com,Bradly,Myrtie,Izio,6389667058,4586593934,5765623804,09 Dottie Court,nfilan3w
Zebadiah,Franzewitch,npetford5z@constantcontact.com,male,npetford5z,2022-01-16,6395938603,Armenia,L,Sylvia,2614222613,npetford5z@g.co,3700-871,Shirak Province,3 Pepper Wood Center,Pass@123,Ginny,GatewayMacId0415,Ardenia,Petford,SensorMacId0416,Gloriane,npetford5z@xinhuanet.com,Niko,Celesta,Quinu,8056655188,2308777472,1582375343,45 Russell Lane,rleversha3x
Iris,Jurkowski,wteresia60@dailymail.co.uk,female,wteresia60,2020-10-27,5685336616,Armenia,L,Olva,7287561582,wteresia60@youku.com,3700-871,Shirak Province,4323 Eagan Place,Pass@123,Celestina,GatewayMacId0416,Jilly,Teresia,SensorMacId0417,Weston,wteresia60@de.vu,Walden,Gabie,Dabfeed,4161290132,6989707557,5428615637,69 Westerfield Hill,pjantot3y
Chevy,Inker,vbaume61@japanpost.jp,male,vbaume61,2019-10-28,9582046138,Armenia,L,Cariotta,3112431341,vbaume61@blogtalkradio.com,3700-871,Shirak Province,041 Knutson Hill,Pass@123,Isa,GatewayMacId0417,Aida,Baume,SensorMacId0418,Emmott,vbaume61@examiner.com,Vite,Linet,Miboo,4238178697,6498305866,6356640604,39 Esch Court,aambrosoli3z
Wilhelmina,Chstney,acowwell62@ovh.net,male,acowwell62,2019-05-28,8962645512,Armenia,L,Karlotta,4873667750,acowwell62@bizjournals.com,3700-871,Shirak Province,5 Monica Court,Pass@123,Marje,GatewayMacId0418,Caron,Cowwell,SensorMacId0419,Abey,acowwell62@g.co,Anselm,Sally,Divanoodle,5637650582,5577008998,5642579071,410 Blackbird Avenue,ebridel40
Issy,Rowledge,jgrellis63@japanpost.jp,male,jgrellis63,2020-08-15,8105729012,Armenia,L,Swen,8087624375,jgrellis63@sfgate.com,3700-871,Shirak Province,3 East Circle,Pass@123,Kelsi,GatewayMacId0419,Cher,Grellis,SensorMacId0420,Kary,jgrellis63@hexun.com,Johnathan,Catharina,Oyonder,7567236741,5566852121,9132485375,67 Boyd Drive,bjedrzejczyk41
Kassi,Beretta,mspreag64@imgur.com,female,mspreag64,2020-05-17,4133604250,Armenia,L,Jami,8841478035,mspreag64@wikipedia.org,3700-871,Shirak Province,4891 Sachtjen Terrace,Pass@123,Sisile,GatewayMacId0420,Marcia,Spreag,SensorMacId0421,Gabbie,mspreag64@mysql.com,Marvin,Arielle,Yambee,7083340395,3979200589,8269527425,95 Vermont Plaza,fbudnk42
Mil,Larkworthy,edearnley65@mashable.com,male,edearnley65,2021-10-29,5935749419,Armenia,L,Sarah,6976140700,edearnley65@ucla.edu,3700-871,Shirak Province,58 Crest Line Point,Pass@123,Dorri,GatewayMacId0421,Darbie,Dearnley,SensorMacId0422,Burke,edearnley65@typepad.com,Erasmus,Sibby,Kayveo,3115403739,8692568462,8738581833,0596 Northport Street,bduggan43
Roland,Feldmann,rsimner66@latimes.com,male,rsimner66,2020-07-29,1557975698,Armenia,L,Colver,2773308587,rsimner66@ucla.edu,3700-871,Shirak Province,33275 Lunder Junction,Pass@123,Caryl,GatewayMacId0422,Georgetta,Simner,SensorMacId0423,Rustin,rsimner66@tuttocitta.it,Rowen,Joli,Kanoodle,9582081290,1059845741,6318281647,1387 Graedel Crossing,srobichon44
Jarred,Aliberti,scocozza67@geocities.com,male,scocozza67,2019-04-05,5195581317,Armenia,L,Roseanne,3304086853,scocozza67@timesonline.co.uk,3700-871,Shirak Province,99 Little Fleur Avenue,Pass@123,Leese,GatewayMacId0423,Antonietta,Cocozza,SensorMacId0424,Josi,scocozza67@themeforest.net,Sawyer,Marijo,Skyvu,1026939471,2611576801,6234327277,205 Swallow Court,rbaker45
Harlin,Mathiasen,oholbury68@printfriendly.com,female,oholbury68,2021-07-07,1911194949,Armenia,L,Arvie,3594539357,oholbury68@jimdo.com,3700-871,Shirak Province,41276 Sunbrook Center,Pass@123,Pegeen,GatewayMacId0424,Sabina,Holbury,SensorMacId0425,Hyacintha,oholbury68@topsy.com,Ozzy,Bidget,Dabtype,9137575471,9032356182,4814977436,386 Kensington Trail,mbrammall46
Asher,Brumbye,mborrell69@digg.com,male,mborrell69,2020-04-21,3954817371,Armenia,L,Stacey,8931820578,mborrell69@sogou.com,3700-871,Shirak Province,15 Meadow Vale Terrace,Pass@123,Adrienne,GatewayMacId0425,Claretta,Borrell,SensorMacId0426,Davidde,mborrell69@paypal.com,Mikel,Lou,Rhyloo,9742464245,7071879129,3091588720,99310 Arapahoe Street,sbourcq47
Maddy,Akast,gstegell6a@vinaora.com,male,gstegell6a,2021-03-27,4184919822,Armenia,L,Fidelia,2023725757,gstegell6a@mail.ru,3700-871,Shirak Province,8 Harbort Avenue,Pass@123,Felicle,GatewayMacId0426,Alejandra,Stegell,SensorMacId0427,Ted,gstegell6a@chron.com,Gabriele,Mae,Youspan,8917616599,3031629766,8795851075,91 Homewood Alley,aklemt48
Lamont,Lebbern,rmarnane6b@ameblo.jp,male,rmarnane6b,2021-04-04,8378795384,Armenia,L,Balduin,6998797765,rmarnane6b@amazonaws.com,3700-871,Shirak Province,49788 Monument Street,Pass@123,Angelia,GatewayMacId0427,May,Marnane,SensorMacId0428,Andee,rmarnane6b@addthis.com,Reg,Jessy,Eire,5573705887,7558832266,4098421439,8 Bartillon Court,cscroggie49
Dew,Mattys,thesser6c@uol.com.br,female,thesser6c,2021-11-30,4729744316,Armenia,L,Neddie,9388656319,thesser6c@tinypic.com,3700-871,Shirak Province,236 Bayside Terrace,Pass@123,Eadie,GatewayMacId0428,Ruby,Hesser,SensorMacId0429,Eloisa,thesser6c@unc.edu,Torr,Amelie,Fatz,2099366121,3616463513,5137523989,69 Sauthoff Terrace,cgiorgioni4a
Tobie,Raubenheim,mayers6d@hexun.com,male,mayers6d,2022-01-25,2803993936,Armenia,L,Lishe,6989667188,mayers6d@cornell.edu,3700-871,Shirak Province,334 Iowa Avenue,Pass@123,Wendy,GatewayMacId0429,Aeriela,Ayers,SensorMacId0430,Liane,mayers6d@webmd.com,Murry,Sabina,Ailane,1633314959,7784733923,9824383658,8 Morningstar Drive,pfellibrand4b
Vin,Alldre,mbillington6e@qq.com,male,mbillington6e,2019-08-21,6331305818,Armenia,L,Inez,1941557598,mbillington6e@jalbum.net,3700-871,Shirak Province,6 Red Cloud Drive,Pass@123,Honoria,GatewayMacId0430,Myrtia,Billington,SensorMacId0431,Rosette,mbillington6e@ameblo.jp,Merwin,Krystle,Topicware,1973147957,3486444131,7236487815,51758 Harper Terrace,cpattie4c
Hasheem,Hourigan,gmathias6f@europa.eu,male,gmathias6f,2021-12-12,4844387077,Armenia,L,Cleveland,2613699191,gmathias6f@hao123.com,3700-871,Shirak Province,04889 Redwing Crossing,Pass@123,Romola,GatewayMacId0431,Clio,Mathias,SensorMacId0432,Susie,gmathias6f@is.gd,Gonzales,Nan,Meetz,9023804312,1123978415,4824498330,488 Derek Crossing,czecchini4d
Ab,Ferron,pmatys6g@123-reg.co.uk,female,pmatys6g,2021-03-30,4131855925,Armenia,L,Merrile,4304266522,pmatys6g@springer.com,3700-871,Shirak Province,24375 Bellgrove Street,Pass@123,Quintana,GatewayMacId0432,Arlyne,Matys,SensorMacId0433,Doyle,pmatys6g@gnu.org,Pernell,Brook,Livepath,7658768753,4077984464,8371527714,86 Troy Alley,kcaron4e
Hilary,Coppledike,bcoy6h@fda.gov,male,bcoy6h,2020-12-18,9525154283,Armenia,L,Arabela,8718029837,bcoy6h@wix.com,3700-871,Shirak Province,1689 Manufacturers Center,Pass@123,Pierrette,GatewayMacId0433,Conny,Coy,SensorMacId0434,Flynn,bcoy6h@businessinsider.com,Buiron,Bibi,Oyoloo,7647440728,1905149121,9865304005,8 High Crossing Parkway,nnanninini4f
Arturo,Udell,gcaldera6i@toplist.cz,male,gcaldera6i,2019-06-07,8834565762,Armenia,L,Cassie,4649601213,gcaldera6i@t-online.de,51250,Shirak Province,53 Oneill Lane,Pass@123,Hannah,GatewayMacId0434,Jeanna,Caldera,SensorMacId0435,Biddie,gcaldera6i@bravesites.com,Gavin,Dorry,Voolith,7247056723,6736976098,4558177618,9 Pleasure Parkway,fpickance4g
Kathleen,Donaher,gchotty6j@irs.gov,male,gchotty6j,2022-01-18,7746000699,Armenia,L,Ainslie,2296265375,gchotty6j@si.edu,2710-680,Shirak Province,72827 Bobwhite Court,Pass@123,Luce,GatewayMacId0435,Marleen,Chotty,SensorMacId0436,Keith,gchotty6j@washingtonpost.com,Giffy,Klarrisa,Brightbean,3212595257,4841402238,3117035925,083 Eagle Crest Road,djuan4h
Daphna,Maria,jpatriche6k@fotki.com,female,jpatriche6k,2020-06-30,4234356424,Armenia,L,Cazzie,3646334101,jpatriche6k@nyu.edu,3015,Shirak Province,8521 Thackeray Point,Pass@123,Heddie,GatewayMacId0436,Celie,Patriche,SensorMacId0437,Karoly,jpatriche6k@goo.ne.jp,Juan,Sissie,Wikibox,4249889884,3387682891,9808841475,7885 Blaine Point,cluchetti4i
Stephan,Wreiford,pbelding6l@tmall.com,male,pbelding6l,2020-01-12,3277165116,Armenia,L,Jacobo,6084691817,pbelding6l@canalblog.com,273 71,Shirak Province,7 Warbler Avenue,Pass@123,Joletta,GatewayMacId0437,Danella,Belding,SensorMacId0438,Doroteya,pbelding6l@reverbnation.com,Pepe,Charlene,Plajo,8081594719,2052414336,8047711828,3 Sommers Plaza,vmoultrie4j
Flory,Mercer,ggoodhand6m@utexas.edu,male,ggoodhand6m,2020-09-10,3257356477,Armenia,L,Harmony,9227455506,ggoodhand6m@yellowpages.com,65215-000,Shirak Province,88 Cambridge Plaza,Pass@123,Dulcinea,GatewayMacId0438,Elbertine,Goodhand,SensorMacId0439,Flemming,ggoodhand6m@bbb.org,Garey,Hyacinthe,Yodoo,5407406258,7782757591,2853166246,1711 Sommers Center,dduchan4k
Mikaela,Peterson,braine6n@admin.ch,male,braine6n,2019-03-20,1483903636,Armenia,L,Rubina,1495200663,braine6n@who.int,84878 CEDEX,Shirak Province,3 Twin Pines Court,Pass@123,Isa,GatewayMacId0439,Norene,Raine,SensorMacId0440,Reeba,braine6n@senate.gov,Burr,Matty,Gigazoom,4923391117,5993297793,2122286044,7209 Welch Avenue,mpagan4l
Jamesy,Hayller,fcogan6o@ucla.edu,female,fcogan6o,2021-09-23,5766156042,Armenia,L,Audrey,1338407225,fcogan6o@oaic.gov.au,3700-871,Shirak Province,891 Mayfield Parkway,Pass@123,Julienne,GatewayMacId0440,Doris,Cogan,SensorMacId0441,Rhea,fcogan6o@cocolog-nifty.com,Felipe,Ortensia,Tambee,7326843671,9867900558,7667570033,410 Boyd Hill,ecourcey4m
Sammie,Hatje,cmoores6p@storify.com,male,cmoores6p,2019-10-13,4265261463,Armenia,L,Stormy,7706056504,cmoores6p@dedecms.com,3700-871,Shirak Province,360 Laurel Avenue,Pass@123,Nada,GatewayMacId0441,Flore,Moores,SensorMacId0442,Valery,cmoores6p@ibm.com,Clayson,Marrilee,Babbleset,4369993896,1796236028,9213556941,12837 Gale Point,mlygo4n
Auberta,Scotter,mdoonican6q@time.com,male,mdoonican6q,2021-05-28,1196391363,Armenia,L,Desmond,3273226291,mdoonican6q@nymag.com,3700-871,Shirak Province,9394 Blue Bill Park Point,Pass@123,Brandea,GatewayMacId0442,Josephine,Doonican,SensorMacId0443,Alard,mdoonican6q@flickr.com,Mendel,Chandra,Zoomcast,5453746759,2645085400,8607674056,056 Darwin Center,dniblo4o
Zorana,Dignam,acressingham6r@reuters.com,male,acressingham6r,2020-09-17,4375907908,Armenia,L,Quint,9525074841,acressingham6r@shutterfly.com,1462,Shirak Province,03 Waywood Pass,Pass@123,Dasie,GatewayMacId0443,Dido,Cressingham,SensorMacId0444,Nikolas,acressingham6r@craigslist.org,Arne,Orelie,Zooveo,6587122074,9733349290,2435496442,972 Lunder Plaza,hsheals4p
Cybil,Lewisham,pdoles6s@yolasite.com,female,pdoles6s,2022-01-23,1239394197,Armenia,L,Erda,7869113284,pdoles6s@ucoz.ru,3700-871,Shirak Province,20756 Prairieview Avenue,Pass@123,Amelina,GatewayMacId0444,Bernie,Doles,SensorMacId0445,Bay,pdoles6s@pinterest.com,Paton,Ashli,Skajo,7183738452,8633666368,5069421510,13640 Sunbrook Hill,hmateja4q
Tally,Ralph,bmckane6t@narod.ru,male,bmckane6t,2022-01-12,9846541407,Armenia,L,Phelia,9678272627,bmckane6t@ed.gov,30150,Shirak Province,15658 Crest Line Street,Pass@123,Tatiania,GatewayMacId0445,Thea,McKane,SensorMacId0446,Francene,bmckane6t@soundcloud.com,Brocky,Enrichetta,Pixope,9046388576,8627526155,9652501593,0 Talisman Drive,adormand4r
Marcus,Minelli,ccopyn6u@yolasite.com,male,ccopyn6u,2021-10-04,7122026177,Armenia,L,Peri,7545996827,ccopyn6u@cocolog-nifty.com,427275,Shirak Province,80251 Russell Circle,Pass@123,Tybi,GatewayMacId0446,Nolie,Copyn,SensorMacId0447,Merline,ccopyn6u@topsy.com,Clayborne,Darryl,Wordware,8616972345,2904801897,1082900041,90739 Basil Street,jranken4s
Arlan,De Rechter,tlabbet6v@pinterest.com,male,tlabbet6v,2020-04-15,9163140011,Armenia,L,Ferdie,4494048939,tlabbet6v@tumblr.com,7505,Shirak Province,25825 Clemons Terrace,Pass@123,Aurelia,GatewayMacId0447,Imogene,LAbbet,SensorMacId0448,Reine,tlabbet6v@admin.ch,Tam,Jemie,Yakitri,1161701197,5575399816,3311411155,4808 Fremont Point,pfeechan4t
Arleyne,Keyworth,dgillford6w@oakley.com,female,dgillford6w,2021-06-08,9475289087,Armenia,L,Marcela,4585493699,dgillford6w@last.fm,33405,Shirak Province,59470 Jenifer Crossing,Pass@123,Marguerite,GatewayMacId0448,Ambur,Gillford,SensorMacId0449,Liesa,dgillford6w@mit.edu,Dennet,Elysia,Yadel,9574330928,2328482553,3644453013,31056 Maywood Avenue,dprobey4u
Lenci,Mabson,nsimmans6x@addtoany.com,male,nsimmans6x,2021-04-03,9485021385,Armenia,L,Erminie,5584126084,nsimmans6x@state.gov,1114,Shirak Province,54264 Raven Pass,Pass@123,Denny,GatewayMacId0449,Antonella,Simmans,SensorMacId0450,Jaclin,nsimmans6x@bing.com,Noam,Milli,Plambee,5171482679,2098544760,5205982705,07 Ridge Oak Pass,eroskruge4v
Ray,Matusov,dzanetti6y@networksolutions.com,male,dzanetti6y,2019-09-28,6588465707,Armenia,L,Avrom,3452425542,dzanetti6y@nhs.uk,3700-871,Shirak Province,53307 Shopko Drive,Pass@123,Jo ann,GatewayMacId0450,Brina,Zanetti,SensorMacId0451,Lucky,dzanetti6y@hubpages.com,Dennison,Ulla,Jayo,2808381458,1536203904,9181724730,22 Blaine Parkway,mjanous4w
Emmerich,Limming,rsifflett6z@dmoz.org,male,rsifflett6z,2021-08-22,1845825252,Armenia,L,Josephine,7812363653,rsifflett6z@mozilla.org,3700-871,Shirak Province,03437 Meadow Vale Trail,Pass@123,Kamillah,GatewayMacId0451,Adrea,Sifflett,SensorMacId0452,Gabriel,rsifflett6z@economist.com,Reidar,Clarita,Gabtype,9681246829,5992218277,5652360433,4 Merchant Trail,tivanchin4x
Elihu,Burrows,alamba70@dailymotion.com,female,alamba70,2021-08-14,5249783922,Armenia,L,Lanae,8312542791,alamba70@simplemachines.org,3700-871,Shirak Province,71 Rowland Center,Pass@123,Drusy,GatewayMacId0452,Daloris,Lamba,SensorMacId0453,Armando,alamba70@china.com.cn,Alonso,Clarey,Dynabox,2103531060,9434309204,1239391240,670 Clove Pass,lmattek4y
Johna,Gowing,ahateley71@army.mil,male,ahateley71,2021-05-22,8745512345,Armenia,L,Dionisio,5601207547,ahateley71@liveinternet.ru,3700-871,Shirak Province,76113 Paget Crossing,Pass@123,Cecilla,GatewayMacId0453,Salomi,Hateley,SensorMacId0454,Lincoln,ahateley71@accuweather.com,Aguie,Rozele,Thoughtblab,6848680866,4704257048,7304440325,5 Derek Pass,zwilmore4z
Ronnica,Wigfield,rhek72@rambler.ru,male,rhek72,2021-12-29,1175275257,Armenia,L,Gerri,9136374648,rhek72@cnn.com,3700-871,Shirak Province,36 School Pass,Pass@123,Janine,GatewayMacId0454,Valeda,Hek,SensorMacId0455,Boote,rhek72@is.gd,Renato,Georgie,Twitterbridge,6678018852,2176397144,3706186820,482 Starling Drive,rcastellaccio50
Helenelizabeth,Link,tcochet73@shutterfly.com,male,tcochet73,2020-11-24,7935085562,Armenia,L,Siouxie,6376995305,tcochet73@washingtonpost.com,3700-871,Shirak Province,13611 Jenifer Drive,Pass@123,Margaretha,GatewayMacId0455,Poppy,Cochet,SensorMacId0456,Pavlov,tcochet73@smugmug.com,Thedrick,Norri,Yombu,2958242600,8607342965,6713983941,256 Nancy Road,akingcott51
Huey,Farloe,tsuddards74@about.com,female,tsuddards74,2019-11-02,9825654871,Armenia,L,Zabrina,6566320209,tsuddards74@umn.edu,3700-871,Shirak Province,3 Fair Oaks Alley,Pass@123,Elaina,GatewayMacId0456,Zsa zsa,Suddards,SensorMacId0457,Jessica,tsuddards74@wordpress.org,Tomas,Brittni,Quimm,3081059867,5428248499,6158762734,69 Corry Terrace,ncroci52
Delphinia,Dowling,vrannie75@prweb.com,male,vrannie75,2019-08-16,8138856629,Armenia,L,Anstice,9787280424,vrannie75@tinyurl.com,10905,Shirak Province,55 Mcguire Way,Pass@123,Dori,GatewayMacId0457,Julienne,Rannie,SensorMacId0458,Linus,vrannie75@360.cn,Victoir,Nissa,Teklist,4461447903,3179195846,6221045754,491 Atwood Junction,mwelham53
Emmie,Davioud,rgolder76@indiatimes.com,male,rgolder76,2019-09-15,7959188895,Armenia,L,Cherice,7184073048,rgolder76@ftc.gov,9951,Shirak Province,66 Morrow Park,Pass@123,Giorgia,GatewayMacId0458,Berti,Golder,SensorMacId0459,Kory,rgolder76@surveymonkey.com,Reggie,Joline,Aivee,3125845422,9771610740,5744009765,521 Armistice Parkway,meagar54
Indira,Vasyutin,ashewry77@whitehouse.gov,male,ashewry77,2021-07-21,9546632824,Armenia,L,Johan,5829537981,ashewry77@forbes.com,45630-000,Shirak Province,17 Glendale Park,Pass@123,Abigael,GatewayMacId0459,Cleopatra,Shewry,SensorMacId0460,Felita,ashewry77@slate.com,Alwyn,Veronika,Rhyloo,2419936193,8157940504,7541370168,54 Lindbergh Avenue,hbedow55
Sibyl,Aldhous,treis78@ow.ly,female,treis78,2019-07-24,5011933936,Armenia,L,Heriberto,4131115680,treis78@google.cn,3700-871,Shirak Province,6963 Rowland Parkway,Pass@123,Meara,GatewayMacId0460,Ailina,Reis,SensorMacId0461,Wilmar,treis78@blogger.com,Thedric,Eilis,Centimia,1515551295,8771901521,8798536122,53 Sutherland Park,emacconnechie56
Gerick,Dulin,asesser79@lycos.com,male,asesser79,2020-02-29,5146538063,Armenia,L,Benedicto,7586795843,asesser79@umich.edu,3700-871,Shirak Province,7830 Oxford Place,Pass@123,Cariotta,GatewayMacId0461,Kristen,Sesser,SensorMacId0462,Lindsey,asesser79@mapy.cz,Abbie,Ina,Trudoo,6138719494,8716941156,1839138576,5646 Red Cloud Street,vbloomer57
Horace,MacLaughlin,bgosney7a@ycombinator.com,male,bgosney7a,2019-09-29,7924283294,Armenia,L,Avril,1275686128,bgosney7a@unicef.org,692 91,Shirak Province,46200 Blue Bill Park Circle,Pass@123,Andree,GatewayMacId0462,Missy,Gosney,SensorMacId0463,Benedetto,bgosney7a@joomla.org,Bary,Bernete,Topiczoom,2525905393,3563343583,5072715441,4 Little Fleur Pass,rleftbridge58
Stuart,Douthwaite,ploughran7b@tinypic.com,male,ploughran7b,2019-08-19,3918209528,Armenia,L,Kanya,9926481123,ploughran7b@bravesites.com,3700-871,Shirak Province,92 Bluejay Circle,Pass@123,Elaine,GatewayMacId0463,Charisse,Loughran,SensorMacId0464,Constancy,ploughran7b@creativecommons.org,Philbert,Tyne,DabZ,8074469579,1078486813,1791782646,6 Hooker Street,lsumbler59
Lucho,Cobley,tbaszniak7c@networkadvertising.org,female,tbaszniak7c,2020-07-12,6733900837,Armenia,L,Alford,5875224805,tbaszniak7c@wufoo.com,3700-871,Shirak Province,2582 Dwight Way,Pass@123,Peggy,GatewayMacId0464,Dosi,Baszniak,SensorMacId0465,Raphael,tbaszniak7c@yelp.com,Tony,Fredra,Realblab,4201537962,1073199398,4776001742,622 Columbus Road,laxston5a
Scarlet,Ilem,mstichel7d@cdbaby.com,male,mstichel7d,2022-01-14,6244969029,Armenia,L,Venus,4464399024,mstichel7d@uol.com.br,3700-871,Shirak Province,4 Bayside Drive,Pass@123,Laina,GatewayMacId0465,Novelia,Stichel,SensorMacId0466,Sarajane,mstichel7d@msn.com,Manolo,Stormie,Zoomcast,7108366287,9947716147,8725908217,555 Hoffman Park,jbernucci5b
Frederich,Felgate,wdeschelle7e@mozilla.org,male,wdeschelle7e,2020-02-17,5941642646,Armenia,L,Bar,5038017076,wdeschelle7e@bing.com,56200-000,Shirak Province,7848 8th Drive,Pass@123,Kimmi,GatewayMacId0466,Wren,Deschelle,SensorMacId0467,Mavra,wdeschelle7e@mysql.com,Westbrooke,Tonye,Bubblebox,2966790989,4639991106,2106445154,710 American Center,ascoterbosh5c
Chucho,Rae,daudsley7f@blogs.com,male,daudsley7f,2021-09-01,7271112744,Armenia,L,Rudolfo,1468681089,daudsley7f@google.es,301477,Shirak Province,9219 Mockingbird Parkway,Pass@123,Maura,GatewayMacId0467,Danny,Audsley,SensorMacId0468,Deanne,daudsley7f@virginia.edu,Dale,Caitrin,Riffpath,5491411917,4246106629,1017671958,72494 Marquette Circle,csmaleman5d
Elisabetta,Cumes,ehulbert7g@google.de,female,ehulbert7g,2021-02-04,5654333160,Armenia,L,Janean,6991209990,ehulbert7g@google.es,10560,Shirak Province,17 Kropf Point,Pass@123,Hollie,GatewayMacId0468,Basia,Hulbert,SensorMacId0469,Arda,ehulbert7g@4shared.com,Ewen,Justina,Dablist,8921291606,6563808605,9698955238,78453 Monica Court,lroe5e
Fairfax,Micklewicz,lcuxon7h@addtoany.com,male,lcuxon7h,2021-02-17,9795048892,Armenia,L,Bevan,4025008915,lcuxon7h@uol.com.br,3700-871,Shirak Province,499 Fair Oaks Parkway,Pass@123,Carmel,GatewayMacId0469,Krysta,Cuxon,SensorMacId0470,Dyana,lcuxon7h@tripod.com,Lonnie,Emelia,Yamia,2658017459,4233339832,6893461929,9796 Talisman Street,ewillcox5f
Robenia,Slopier,cleve7i@mac.com,male,cleve7i,2019-04-30,4713006788,Armenia,L,Valaria,1316157645,cleve7i@flavors.me,368628,Shirak Province,522 Veith Crossing,Pass@123,Bobette,GatewayMacId0470,Dido,Leve,SensorMacId0471,Cindelyn,cleve7i@adobe.com,Camey,Calida,Gigaclub,9707749019,9863062892,3255258591,2715 Straubel Parkway,jgillyett5g
Hi,Rowaszkiewicz,ckiddell7j@moonfruit.com,male,ckiddell7j,2020-04-24,3066052094,Armenia,L,Dion,8448262447,ckiddell7j@yellowpages.com,768 21,Shirak Province,3 Macpherson Pass,Pass@123,Niki,GatewayMacId0471,Sal,Kiddell,SensorMacId0472,Noreen,ckiddell7j@twitpic.com,Caz,Shalna,Oyoloo,5159551924,5334771834,3809986610,7201 Sloan Crossing,mmalster5h
Samara,Eouzan,kcoetzee7k@imageshack.us,female,kcoetzee7k,2021-09-27,9046032300,Armenia,L,Patience,1128180578,kcoetzee7k@senate.gov,3700-871,Shirak Province,25914 Daystar Point,Pass@123,Carri,GatewayMacId0472,Illa,Coetzee,SensorMacId0473,Julita,kcoetzee7k@linkedin.com,Kellen,Estella,Oyonder,5016772873,9993760203,5138824372,050 Boyd Terrace,hframe5i
Laryssa,Colleford,jewbanks7l@addtoany.com,male,jewbanks7l,2020-10-23,7323521029,Armenia,L,Sibeal,7731504484,jewbanks7l@webeden.co.uk,3700-871,Shirak Province,47540 Armistice Road,Pass@123,Diann,GatewayMacId0473,Tandie,Ewbanks,SensorMacId0474,Elvera,jewbanks7l@e-recht24.de,Jessee,Brooks,Tambee,2393026040,2747641842,7101580786,3699 Oxford Street,astainton5j
,,,,,,,,,,,,,,,,,,,,,,,,,,,,,,
,,,,,,,,,,,,,,,,,,,,,,,,,,,,,,
,,,,,,,,,,,,,,,,,,,,,,,,,,,,,,
,,,,,,,,,,,,,,,,,,,,,,,,,,,,,,
,,,,,,,,,,,,,,,,,,,,,,,,,,,,,,
,,,,,,,,,,,,,,,,,,,,,,,,,,,,,,
,,,,,,,,,,,,,,,,,,,,,,,,,,,,,,
,,,,,,,,,,,,,,,,,,,,,,,,,,,,,,
,,,,,,,,,,,,,,,,,,,,,,,,,,,,,,
,,,,,,,,,,,,,,,,,,,,,,,,,,,,,,
,,,,,,,,,,,,,,,,,,,,,,,,,,,,,,
,,,,,,,,,Jessamyn,Jedrzejewicz,jjedrzejewsedicz2s@shinystat.com,male,jjedrzejewicz2s01,2021-03-19,3975508344,Afghanistan,S,Crusham,7256622347,tdonglessed8d@bizjournals.com,2125-106,Huambo,4 Karstens Drive,Pass@123,Pediatrics,,,,,
,,,,,,,,,Dina,Lowcock,dlowcock2t@creativecommons.org,male,dlowcock2t,2019-09-01,6523707507,Argentina,F,Crampsy,3744460005,rbridgstock8e@timesonline.co.uk,92224 CEDEX,Benguela,52500 Dennis Pass,Pass@123,Adolescent Medicine,,,,,
,,,,,,,,,Delano,Eicheler,deicheler2u@de.vu,female,deicheler2u,2021-02-17,3596559310,Argentina,H,Frisdick,1355893913,wpehrsson8f@people.com.cn,9021,Lunda Sul,35 Gulseth Plaza,Pass@123,Child Neurology,,,,,
,,,,,,,,,Hervey,Boik,hboik2v@tripod.com,male,hboik2v,2021-01-27,4127072503,Armenia,J,Hinchon,8409042790,cknutsen8g@soundcloud.com,38823,Lunda Norte,1 Farwell Court,Pass@123,Child Psychiatry,,,,,
,,,,,,,,,Trixi,McCowan,tmccowan2w@washingtonpost.com,female,tmccowan2w,2021-08-19,2773127865,Argentina,S,Mitkin,4219368671,jfomichyov8h@google.cn,492,Moxico,768 Warbler Street,Pass@123,Developmental-Behavioral Pediatrics,,,,,
,,,,,,,,,,,,,,,,,,,,,,,,,,,,,,
,,,,,,,,,,,,,,,,,,,,,,,,,,,,,,
,,,,,,,,,,,,,,,,,,,,,,,,,,,,,,
,,,,,,,,,,,,,,,,,,,,,,,,,,,,,,
,,,,,,,,,,,,,,,,,,,,,,,,,,,,,,
Nappy,Lampel,zshillaber2r@zimbio.com,male,zshillaber2r,2020-08-07,9796444763,Argentina,L,Lewie,5852588821,zshillaber2r@trellian.com,25880-000,Shirak Province,91118 Fairview Pass,Pass@123,Odele,GatewayMacId0299,Portia,Shillaber,SensorMacId0300,Charmaine,zshillaber2r@de.vu,Zacharie,Hynda,Kimia,3084665797,8898302318,5198388600,7 Corben Place,
Rafaello,Bolitho,pcrowth2s@prnewswire.com,female,pcrowth2s,2020-05-14,6642046860,Argentina,K,Brennan,9418077385,pcrowth2s@flickr.com,25880-000,Farah,415 Farmco Street,Pass@123,Gusta,GatewayMacId0300,Lorine,Crowth,SensorMacId0301,Bartlet,pcrowth2s@prnewswire.com,Pierce,Phylys,Feedfish,4695086902,8303177393,6682551500,262 Miller Drive,
Vivyanne,Kilbride,cthay2t@sfgate.com,male,cthay2t,2021-03-18,1683264728,Afghanistan,S,Nelle,4638280671,cthay2t@privacy.gov.au,25880-000,Farah,42954 Express Lane,Pass@123,Kania,GatewayMacId0301,Heda,Thay,SensorMacId0302,Valentijn,cthay2t@howstuffworks.com,Caesar,Esme,Skipfire,5073484545,5956365785,3514245006,70 Hoffman Crossing,
Elsy,Greyes,ccolvie2u@virginia.edu,male,ccolvie2u,2020-04-15,6416316551,Albania,F,Law,5752182953,ccolvie2u@blogs.com,1510,Herat,4786 Montana Street,Pass@123,Damara,GatewayMacId0302,Kalila,Colvie,SensorMacId0303,Floris,ccolvie2u@youtu.be,Clyde,Maggie,Divavu,1179155022,3475571080,4861522328,3 Towne Circle,
Marilee,Sudell,gcasbourne2v@ebay.com,female,gcasbourne2v,2019-10-10,1214742543,Afghanistan,H,Vivi,5817061339,gcasbourne2v@hhs.gov,62300-000,Umm al Qaywayn,913 Grim Way,Pass@123,Pattie,GatewayMacId0303,Joycelin,Casbourne,SensorMacId0304,Elnora,gcasbourne2v@google.co.jp,Gael,Celesta,Mynte,5708752263,3022100316,5042090508,5455 Schurz Drive,
,,,,,,,,,,,,,,,,,,,,,,,,,,,,,,
,,,,,,,,,,,,,,,,,,,,,,,,,,,,,,
,,,,,,,,,,,,,,,,,,,,,,,,,,,,,,
,,,,,,,,,,,,,,,,,,,,,,,,,,,,,,
,,,,,,,,,,,,,,,,,,,,,,,,,,,,,,
,,,,,,,,,,,,,,,,,,,,,,,,,,,,,,
,,,,,,,,,,,,,,,,,,,,,,,,,,,,,,
,,,,,,,,,,,,,,,,,,,,,,,,,,,,,,
,,,,,,,,,,,,,,,,,,,,,,,,,,,,,,
,,,,,,,,,,,,,,,,,,,,,,,,,,,,,,
,,,,,,,,,,,,,,,,,,,,,,,,,,,,,,
,,,,,,,,,,,,,,,,,,,,,,,,,,,,,,
,,,,,,,,,,,,,,,,,,,,,,,,,,,,,,
,,,,,,,,,,,,,,,,,,,,,,,,,,,,,,
,,,,,,,,,,,,,,,,,,,,,,,,,,,,,,
,,,,,,,,,,,,,,,,,,,,,,,,,,,,,,
,,,,,,,,,,,,,,,,,,,,,,,,,,,,,,
,,,,,,,,,,,,,,,,,,,,,,,,,,,,,,
,,,,,,,,,,,,,,,,,,,,,,,,,,,,,,
Katy,Freen,kfreen2x@infoseek.co.jp,female,kfreen2x,2020-07-17,3235212111,Argentina,I,Geockle,2731010247,gtrueman8i@dailymotion.com,7020,Uíge,329 Manitowish Place,Pass@123,Neonatal-Perinatal Medicine,bmeth2x,,,,,,,,,,,,,
Atlanta,Ahrend,aahrend2y@google.pl,female,aahrend2y,2019-07-18,3503967652,Argentina,L,Grocott,1348497689,hcutmore8j@businessinsider.com,9021,Zaire,3453 Stone Corner Junction,Pass@123,Pediatrics,bdumphry2y,,,,,,,,,,,,,
Novelia,Petrichat,npetrichat2z@stanford.edu,female,npetrichat2z,2020-04-10,7338339639,Argentina,L,Pinxton,4608082148,abedle8k@themeforest.net,40050,Zaire,3025 Fuller Avenue,Pass@123,Pediatric Anesthesiology,rbelk2z,,,,,,,,,,,,,
Kev,Hiskey,khiskey30@google.es,female,khiskey30,2021-05-19,8089297364,Argentina,M,Owlner,2663765282,vpaniman8l@google.com.au,4713,Cuanza Norte,8274 Manitowish Circle,Pass@123,Pediatric Cardiology,sbinford30,,,,,,,,,,,,,
Gare,Gobel,ggobel31@skyrock.com,female,ggobel31,2021-05-13,1939190814,Afghanistan,S,MacCracken,6992087674,byoxall8m@about.me,7020,Zaire,706 Maple Wood Circle,Pass@123,Pediatric Critical Care,obartelli31,,,,,,,,,,,,,
Haslett,Antonich,hantonich32@fastcompany.com,male,hantonich32,2020-11-13,4931332328,Argentina,B,Petrishchev,4826537262,srenvoys8n@istockphoto.com,9021,Malanje,16 Anniversary Alley,Pass@123,Pediatric Emergency Medicine,rjosse32,,,,,,,,,,,,,
Allegra,Saintsbury,asaintsbury33@ucla.edu,female,asaintsbury33,2021-11-12,3371017488,Afghanistan,S,Lindmark,4105918766,ktremolieres8o@indiegogo.com,40050,Luanda,82 Stang Place,Pass@123,Pediatric Endocrinology,hbattlestone33,,,,,,,,,,,,,
Jolie,Blencowe,jblencowe34@blinklist.com,male,jblencowe34,2019-07-25,2624913497,Albania,L,Cowely,2276864738,ckonneke8p@mapquest.com,793-0213,Bengo,3 Hoffman Place,Pass@123,Pediatric Gastroenterology,rpittem34,,,,,,,,,,,,,
Romy,Bentjens,rbentjens35@ycombinator.com,male,rbentjens35,2020-02-13,2489645083,Armenia,L,McCartan,9929948760,mfleming8q@lycos.com,397551,Cabinda,6 Barby Park,Pass@123,Pediatric Hematology-Oncology,ppettifer35,,,,,,,,,,,,,
Bill,Farquharson,bfarquharson36@wikimedia.org,male,bfarquharson36,2021-07-30,6405766577,Albania,Y,Wait,4122470796,rbrundrett8r@over-blog.com,7020,Cuanza Sul,879 Hansons Crossing,Pass@123,Pediatric Infectious Disease,gmaty36,,,,,,,,,,,,,
Adelind,Longfoot,alongfoot37@surveymonkey.com,male,alongfoot37,2021-11-23,8525886883,Argentina,L,Verdie,5678762282,bcleyne8s@moonfruit.com,9021,Namibe,2106 Ludington Terrace,Pass@123,Pediatric Internal Medicine,mflippini37,,,,,,,,,,,,,
Roderich,Ritchley,rritchley38@wufoo.com,male,rritchley38,2021-01-25,1989949513,Argentina,L,Formigli,9834186867,hwinkworth8t@oaic.gov.au,40050,Cuando Cubango,5404 Maple Trail,Pass@123,Pediatric Nephrology,wcheshire38,,,,,,,,,,,,,
Bent,Cansdill,bcansdill39@google.co.jp,female,bcansdill39,2020-08-06,8841619405,Argentina,D,Bernardelli,7604786387,jtreverton8u@fastcompany.com,7020,Moxico,0312 Jay Circle,Pass@123,Pediatric Ophthalmology,amungin39,,,,,,,,,,,,,
Sollie,Dinan,sdinan3a@virginia.edu,male,sdinan3a,2021-10-02,7347372498,Armenia,K,Beaudry,6386166735,nohms8v@samsung.com,9021,Huíla,4956 Myrtle Street,Pass@123,Pediatric Orthopedic Surgery,eandriveaux3a,,,,,,,,,,,,,
Hi,Gillian,hgillian3b@ocn.ne.jp,male,hgillian3b,2020-09-29,3895850445,Argentina,L,Bate,4641384268,nfellowes8w@51.la,32-305,Huambo,80 Glacier Hill Street,Pass@123,Pediatric Otolaryngology,dwingeat3b,,,,,,,,,,,,,
,,,,,,,,,,,,,,,,,,,,,,,,,,,,,,
,,,,,,,,,,,,,,,,,,,,,,,,,,,,,,
,,,,,,,,,,,,,,,,,,,,,,,,,,,,,,
,,,,,,,,,,,,,,,,,,,,,,,,,,,,,,
,,,,,,,,,,,,,,,,,,,,,,,,,,,,,,
,,,,,,,,,,,,,,,,,,,,,,,,,,,,,,
Katti,Chasle,cbillam2w@imdb.com,male,cbillam2w,2019-11-20,6821581133,Armenia,J,Clifford,5028723931,cbillam2w@gizmodo.com,7945,Raʼs al Khaymah,2 Esch Drive,Pass@123,Joleen,GatewayMacId0304,Debi,Billam,SensorMacId0305,Philly,cbillam2w@foxnews.com,Caryl,Caterina,Gabtune,4684257367,4057386456,6369722768,3 Leroy Center,
Kameko,Tidcomb,cslayny2x@usgs.gov,female,cslayny2x,2021-07-20,3799081460,Angola,S,Steve,8796633112,cslayny2x@gravatar.com,,Ash Shāriqah,29876 Farragut Drive,Pass@123,Roseann,GatewayMacId0305,Shalne,Slayny,SensorMacId0306,Elfrieda,cslayny2x@oaic.gov.au,Cheston,Trista,Voomm,6535461610,2767141545,9924348112,633 Sutherland Drive,
Valene,Rudderham,aputman2y@theglobeandmail.com,female,aputman2y,2019-11-18,8066207884,Armenia,I,Cassy,3631236481,aputman2y@alexa.com,5713,Dubai,16816 Service Center,Pass@123,Rodie,GatewayMacId0306,Lebbie,Putman,SensorMacId0307,Gui,aputman2y@bravesites.com,Ara,Inez,Tagopia,7673896992,6823835770,9293041576,680 Homewood Center,
Anthe,Davidson,wtrotman2z@i2i.jp,female,wtrotman2z,2019-04-26,3671149432,Armenia,L,Rutger,6514366945,wtrotman2z@fotki.com,,Al Fujayrah,9304 Eagle Crest Place,Pass@123,Lynette,GatewayMacId0307,Gigi,Trotman,SensorMacId0308,Iorgo,wtrotman2z@typepad.com,Willi,Hedwig,Thoughtworks,5864698836,1383043525,6722275243,4 Meadow Vale Parkway,
Emmalyn,Farrall,rsibray30@ucsd.edu,female,rsibray30,2020-01-15,5828913127,Afghanistan,L,Hannie,4579110139,rsibray30@so-net.ne.jp,90036,Al Fujayrah,3836 Hayes Street,Pass@123,Stoddard,GatewayMacId0308,Min,Sibray,SensorMacId0309,Otes,rsibray30@ucsd.edu,Rossy,Glad,Jaloo,7657152869,2179442187,7609401352,31812 Anzinger Street,
,,,,,,,,,,,,,,,,,,,,,,,,,,,,,,
,,,,,,,,,,,,,,,,,,,,,,,,,,,,,,
,,,,,,,,,,,,,,,,,,,,,,,,,,,,,,
,,,,,,,,,,,,,,,,,,,,,,,,,,,,,,
Alvinia,MacLeese,tmaker31@google.ca,female,tmaker31,2021-02-25,5846696720,Afghanistan,M,Morganica,8417908278,tmaker31@smh.com.au,56468,Ash Shāriqah,938 Ruskin Lane,Pass@123,Etheline,GatewayMacId0309,Bette-ann,Maker,SensorMacId0310,Rip,tmaker31@dion.ne.jp,Tracy,Hedvige,Yakijo,7718094449,9103436237,6901381216,2031 Meadow Valley Way,
Ermentrude,Vardon,pbisson32@so-net.ne.jp,female,pbisson32,2022-01-16,5614915575,Albania,S,Skylar,8648004126,pbisson32@sphinn.com,354392,Abu Dhabi,63 Golf View Parkway,Pass@123,Bernadette,GatewayMacId0310,Sibel,Bisson,SensorMacId0311,Fredericka,pbisson32@senate.gov,Peder,Doria,Camido,6852066131,7137247517,6901072506,15701 Hauk Park,
Oby,Dennington,davey33@linkedin.com,male,davey33,2021-09-02,8502280628,Argentina,B,Shanda,9536207695,davey33@addtoany.com,32314,Al Fujayrah,5 Delaware Lane,Pass@123,Editha,GatewayMacId0311,Poppy,Avey,SensorMacId0312,Kiel,davey33@seesaa.net,Dolph,Deirdre,Buzzdog,2367848542,9104727033,5824778733,64 4th Court,
Jonathon,Yashaev,hedinburough34@dot.gov,female,hedinburough34,2021-07-17,4251484744,Argentina,S,Jessy,9177172790,hedinburough34@intel.com,140704,Abu Dhabi,966 Cody Way,Pass@123,Dolli,GatewayMacId0312,Umeko,Edinburough,SensorMacId0313,Peta,hedinburough34@blinklist.com,Hamish,Marthe,Brainlounge,6836446167,7586833833,5515787260,6 Forest Run Street,
Gladys,Matevushev,jseville35@toplist.cz,male,jseville35,2020-05-19,4737579930,Argentina,L,Phil,3601400623,jseville35@booking.com,5700,Ajman,63623 Larry Place,Pass@123,Daniele,GatewayMacId0313,Guenevere,Seville,SensorMacId0314,Tallie,jseville35@guardian.co.uk,Jerry,Gipsy,Topicstorm,9992627028,3305024939,1285472115,0125 Crest Line Drive,
Guillema,Tilt,cdrance36@nbcnews.com,male,cdrance36,2020-08-06,1832900830,Argentina,L,Bettye,6091365527,cdrance36@indiatimes.com,5700,Ash Shāriqah,4942 Manufacturers Road,Pass@123,Susie,GatewayMacId0314,Emmalynn,Drance,SensorMacId0315,Pernell,cdrance36@about.com,Constantino,Celene,Jabberbean,4533797786,5585915634,4372445392,039 Rockefeller Street,
Graehme,Skiggs,cwaren37@quantcast.com,male,cwaren37,2019-08-03,5405220315,Afghanistan,Y,Ula,7967282880,cwaren37@home.pl,7740,Abu Dhabi,5093 Old Gate Plaza,Pass@123,Ethelyn,GatewayMacId0315,Fenelia,Waren,SensorMacId0316,Dena,cwaren37@theglobeandmail.com,Chauncey,Flore,Youbridge,8407980171,9651608997,9304680266,7216 Fordem Road,
Phyllys,Stile,jklamp38@ucoz.ru,male,jklamp38,2020-06-29,6742440353,Argentina,L,Grove,5815855181,jklamp38@ifeng.com,2601,Nhjgh,1971 Esch Pass,Pass@123,Frayda,GatewayMacId0316,Nicoline,Klamp,SensorMacId0317,Alic,jklamp38@kickstarter.com,Jozef,Maureene,Mydeo,9246083105,7342054317,5473723771,628 Mayer Alley,
Evelyn,Coo,jdurrell39@quantcast.com,male,jdurrell39,2020-10-18,8811042653,Afghanistan,L,Salvador,8742286632,jdurrell39@vk.com,5700,Takhār,2377 Dorton Street,Pass@123,Jobi,GatewayMacId0317,Hilliary,Durrell,SensorMacId0318,Charita,jdurrell39@salon.com,James,Nanine,Gevee,3418597019,5467062518,6851416914,6273 2nd Way,
Basil,Jaqueme,tfritz3a@typepad.com,female,tfritz3a,2019-05-27,9199945802,Armenia,D,Philippa,4764296705,tfritz3a@barnesandnoble.com,82190,Herat,26 Miller Way,Pass@123,Melisenda,GatewayMacId0318,Alvinia,Fritz,SensorMacId0319,Travis,tfritz3a@microsoft.com,Thibaud,Annadiana,Ainyx,7888131361,8814728846,9759721263,6302 Hazelcrest Crossing,
Farly,Bassam,ebere3b@oakley.com,male,ebere3b,2021-09-08,9157623205,Afghanistan,K,Marlo,3861214797,ebere3b@illinois.edu,3040-561,Jowzjān,3 Fair Oaks Street,Pass@123,Max,GatewayMacId0319,Willette,Bere,SensorMacId0320,Berna,ebere3b@slashdot.org,Ellwood,Celie,Tekfly,9472783023,5228993565,6739645157,58226 Corben Terrace,
Lief,Keating,gclubbe3c@youtu.be,male,gclubbe3c,2019-09-28,9492460022,Argentina,L,Willetta,9084326192,gclubbe3c@php.net,2630,Ghowr,1 International Junction,Pass@123,Blancha,GatewayMacId0320,Vevay,Clubbe,SensorMacId0321,Beckie,gclubbe3c@weibo.com,Gordon,Farrand,Brainbox,4683200869,5581318235,1669854544,2407 Orin Lane,
Hoebart,Wincom,gmathwin3d@wunderground.com,male,gmathwin3d,2019-12-02,7482683508,Argentina,S,Mycah,6863143155,gmathwin3d@xinhuanet.com,135 22,Sar-e Pol,67942 Lakeland Court,Pass@123,Heidi,GatewayMacId0321,Martelle,Mathwin,SensorMacId0322,Leia,gmathwin3d@paypal.com,Gregoor,Tisha,Eamia,2066439074,7986717634,7412207645,5 Brown Trail,
Simone,Zannolli,wfivey3e@arstechnica.com,male,wfivey3e,2020-03-31,2142981848,Argentina,S,Bobbie,8381472001,wfivey3e@irs.gov,1290,Sar-e Pol,3180 8th Park,Pass@123,Hyacinthia,GatewayMacId0322,Dolli,Fivey,SensorMacId0323,Egor,wfivey3e@gov.uk,Waring,Raine,Topicware,4024067261,5321582559,8644271416,6970 Petterle Avenue,
Jason,Menault,rreavey3f@howstuffworks.com,male,rreavey3f,2021-12-29,7718264554,Armenia,W,Jamesy,2195439493,rreavey3f@google.cn,5700,Samangān,6162 Shasta Pass,Pass@123,Marleah,GatewayMacId0323,Hedda,Reavey,SensorMacId0324,Ursala,rreavey3f@nationalgeographic.com,Reagan,Aidan,Vimbo,8846236098,7341806085,7197083533,281 Daystar Court,
,,,,,,,,,,,,,,,,,,,,,,,,,,,,,,
,,,,,,,,,,,,,,,,,,,,,,,,,,,,,,
,,,,,,,,,,,,,,,,,,,,,,,,,,,,,,
,,,,,,,,,,,,,,,,,,,,,,,,,,,,,,
,,,,,,,,,,,,,,,,,,,,,,,,,,,,,,
,,,,,,,,,,,,,,,,,,,,,,,,,,,,,,
,,,,,,,,,,,,,,,,,,,,,,,,,,,,,,
,,,,,,,,,,,,,,,,,,,,,,,,,,,,,,
,,,,,,,,,,,,,,,,,,,,,,,,,,,,,,
,,,,,,,,,,,,,,,,,,,,,,,,,,,,,,
,,,,,,,,,,,,,,,,,,,,,,,,,,,,,,
,,,,,,,,,,,,,,,,,,,,,,,,,,,,,,
,,,,,,,,,,,,,,,,,,,,,,,,,,,,,,
,,,,,,,,,,,,,,,,,,,,,,,,,,,,,,
,,,,,,,,,,,,,,,,,,,,,,,,,,,,,,
,,,,,,,,,,,,,,,,,,,,,,,,,,,,,,
Dacy,Lehemann,dlehemann3c@symantec.com,male,dlehemann3c,2020-07-26,8784851345,Afghanistan,S,Hardcastle,8844565248,kdews8x@wikimedia.org,68900-000,Benguela,38 Arrowood Plaza,Pass@123,Pediatric Pathology,zgerritsma3c,,,,,,,,,,,,,
Allianora,Warlock,awarlock3d@elpais.com,male,awarlock3d,2021-03-12,9828708279,Angola,S,Balleine,1919658175,mabsolem8y@youtube.com,7020,Bié,3 Debra Place,Pass@123,Pediatric Pulmonology,troyal3d,,,,,,,,,,,,,
Phip,Brosini,pbrosini3e@rambler.ru,male,pbrosini3e,2019-10-19,9888850653,Albania,W,Kornacki,8178842605,ajenkerson8z@telegraph.co.uk,9021,Huambo,556 Oak Valley Point,Pass@123,Pediatric Radiology,fbonnefin3e,,,,,,,,,,,,,
Doy,Galier,dgalier3f@sakura.ne.jp,male,dgalier3f,2021-07-05,5483923425,Albania,Q,Sibbe,9893173583,dsyder90@odnoklassniki.ru,08-331,Benguela,086 Declaration Lane,Pass@123,Pediatric Rheumatology,clarenson3f,,,,,,,,,,,,,
Catherina,Rozzier,crozzier3g@wisc.edu,female,crozzier3g,2019-11-09,5709879161,Argentina,L,Ismay,5694605842,aply91@npr.org,48338,Bié,48 Bartelt Circle,Pass@123,Pediatric Sports Medicine,eferon3g,,,,,,,,,,,,,
Cyrus,Mainz,cmainz3h@mtv.com,male,cmainz3h,2020-07-18,5592283882,Argentina,E,Secretan,4837043774,blodin92@google.co.uk,9505,Bié,693 Lien Plaza,Pass@123,Pediatric Surgery,redser3h,,,,,,,,,,,,,
Westleigh,Mapother,wmapother3i@europa.eu,male,wmapother3i,2020-12-05,4245024592,Albania,M,Eye,9261065565,sapark93@prnewswire.com,73201,Huíla,55 Heffernan Way,Pass@123,Pediatric Urology,ndownage3i,,,,,,,,,,,,,
Tish,Pegrum,tpegrum3j@wikimedia.org,male,tpegrum3j,2019-06-23,2047523102,Angola,R,Weare,4605484865,aspieck94@netscape.com,7020,Huambo,143 Evergreen Alley,Pass@123,Perinatal Medicine,rvoisey3j,,,,,,,,,,,,,
Nerita,Reddle,nreddle3k@time.com,male,nreddle3k,2020-03-16,2928773419,Argentina,T,Dyster,6487510203,sorpin95@sitemeter.com,9021,Benguela,78 Sheridan Park,Pass@123,Preventative Medicine,gmate3k,,,,,,,,,,,,,
Querida,Cawood,qcawood3l@tripadvisor.com,male,qcawood3l,2020-10-21,3789963598,Argentina,Y,Florentine,1706296857,stawn96@ebay.co.uk,48338,Buenos Aires,16 Duke Plaza,Pass@123,Aerospace Medicine,igruby3l,,,,,,,,,,,,,
Kim,Aberdein,kaberdein3m@hc360.com,male,kaberdein3m,2021-11-27,5059998871,Argentina,U,Grossier,2462883730,rgornar97@hibu.com,89759,Santa Fe,59 Butterfield Center,Pass@123,General Preventive Medicine,arachuig3m,,,,,,,,,,,,,
Kimberlee,Leah,kleah3n@wikimedia.org,female,kleah3n,2020-03-31,3297575678,Argentina,I,Whistance,1662668639,bjewitt98@ed.gov,7020,Buenos Aires F.D.,9197 Westend Avenue,Pass@123,Medical Toxicology,fbodill3n,,,,,,,,,,,,,
Eugen,Jell,ejell3o@vistaprint.com,male,ejell3o,2019-11-07,7948898182,Armenia,S,Ventom,5468159084,abrimm99@earthlink.net,9021,Entre Rios,35 Johnson Park,Pass@123,Occupational Medicine,mgotcliff3o,,,,,,,,,,,,,
Cicely,Bettanay,cbettanay3p@pagesperso-orange.fr,male,cbettanay3p,2019-08-16,2199292802,Argentina,S,Gottschalk,4747238970,ajendrach9a@guardian.co.uk,48338,Buenos Aires,955 Shopko Drive,Pass@123,Undersea Medicine,fworcester3p,,,,,,,,,,,,,
Glyn,Van der Mark,gvandermark3q@netvibes.com,female,gvandermark3q,2019-12-13,9885576610,Afghanistan,S,Macer,3589094534,rkarpov9b@youtu.be,3609,Buenos Aires,07 Evergreen Court,Pass@123,Psychiatry,mhawford3q,,,,,,,,,,,,,
Lonni,Castanone,lcastanone3r@amazon.com,female,lcastanone3r,2021-04-01,5337737907,Albania,M,Ghidini,5636474419,kwoollends9c@cisco.com,7020,Buenos Aires,8705 Hansons Court,Pass@123,Child Psychiatry,jschulken3r,,,,,,,,,,,,,
Henrietta,Boness,hboness3s@youtu.be,female,hboness3s,2019-10-11,2132907678,Afghanistan,L,Point,4867541174,epietersen9d@studiopress.com,9021,Misiones,734 Carey Junction,Pass@123,Forensic Psychiatry,rwagen3s,,,,,,,,,,,,,
Susanna,Keen,skeen3t@google.com.au,female,skeen3t,2019-07-01,8772064047,Afghanistan,O,Ainslee,2279329024,tseatter9e@tiny.cc,48338,Corrientes,1 Loftsgordon Place,Pass@123,Geriatric Psychiatry,ekimble3t,,,,,,,,,,,,,
Bone,Luckcock,bluckcock3u@bbb.org,female,bluckcock3u,2019-10-20,4592633056,Argentina,P,Credland,3797708245,nsuggitt9f@mapquest.com,7020,Entre Rios,30 Anthes Terrace,Pass@123,Psychiatry,eflieger3u,,,,,,,,,,,,,
Rosaleen,Sheen,rsheen3v@goo.ne.jp,male,rsheen3v,2021-04-02,1346949118,Afghanistan,A,Huck,6063983304,jbrimmell9g@statcounter.com,9021,Misiones,088 Hanover Park,Pass@123,Psychoanalysis,cgusticke3v,,,,,,,,,,,,,
Florance,Siverns,fsiverns3w@va.gov,female,fsiverns3w,2021-08-31,4382127105,Armenia,M,Besset,7574527127,naliman9h@forbes.com,48338,Corrientes,24 Browning Lane,Pass@123,Radiology,nfilan3w,,,,,,,,,,,,,
Eba,Joscelyn,ejoscelyn3x@google.com,female,ejoscelyn3x,2021-01-20,2432439020,Afghanistan,S,Golbourn,2661400612,ekellogg9i@woothemes.com,763008,Corrientes,933 Lighthouse Bay Place,Pass@123,Diagnostic Radiology,rleversha3x,,,,,,,,,,,,,
Alberta,Jansson,ajansson3y@buzzfeed.com,male,ajansson3y,2019-11-10,4075709465,Afghanistan,S,O'Lagen,7491615894,qcharlotte9j@dedecms.com,9021,Santa Fe,1 Arrowood Avenue,Pass@123,Nuclear Radiology,pjantot3y,,,,,,,,,,,,,
Orville,Hackforth,ohackforth3z@forbes.com,male,ohackforth3z,2021-07-27,1465070887,Afghanistan,S,Curcher,8685342517,aboote9k@google.co.jp,21040 CEDEX,Buenos Aires,096 Roth Circle,Pass@123,Neuroradiology,aambrosoli3z,,,,,,,,,,,,,
Patrica,Guymer,pguymer40@economist.com,male,pguymer40,2019-07-21,5996766958,Argentina,D,Korous,1473360128,cbartoshevich9l@state.tx.us,57810,Corrientes,54779 Bay Point,Pass@123,Pediatric Radiology,ebridel40,,,,,,,,,,,,,
Seymour,Gaudon,sgaudon41@edublogs.org,female,sgaudon41,2019-12-30,2049882703,Argentina,M,Whitten,7583811317,jserrurier9m@exblog.jp,9021,Buenos Aires F.D.,6 Stang Alley,Pass@123,Radiation Oncology,bjedrzejczyk41,,,,,,,,,,,,,
Isabel,Nolleth,inolleth42@sphinn.com,male,inolleth42,2021-01-09,7788259183,Argentina,L,Rosa,3146843772,svalenssmith9n@symantec.com,6615,Chaco,4408 Kings Hill,Pass@123,Radiology,fbudnk42,,,,,,,,,,,,,
Bearnard,Morey,bmorey43@hubpages.com,female,bmorey43,2021-06-07,7781851913,Angola,S,McKerton,4264062924,osinkins9o@aboutads.info,7020,Santa Fe,06424 Hudson Parkway,Pass@123,Vascular & Interventional Radiology,bduggan43,,,,,,,,,,,,,
Doy,Farron,dfarron44@github.com,female,dfarron44,2021-09-23,3715076977,Argentina,F,O'Hartnedy,6661508988,shulles9p@discuz.net,9021,Buenos Aires,787 Graceland Trail,Pass@123,Surgery,srobichon44,,,,,,,,,,,,,
Bonita,Dignon,bdignon45@cpanel.net,male,bdignon45,2021-12-01,2868211583,Argentina,G,Boreland,6717374498,jdeathridge9q@pen.io,48338,Misiones,6 Nelson Trail,Pass@123,Abdominal Surgery,rbaker45,,,,,,,,,,,,,
Kelci,Cometti,kcometti46@feedburner.com,female,kcometti46,2020-05-16,6189382626,Albania,M,Pacey,6625559686,scowherd9r@163.com,9021,Misiones,619 Debra Parkway,Pass@123,Adult Orthopedic Surgery,mbrammall46,,,,,,,,,,,,,
Kathlin,Foxall,kfoxall47@nature.com,male,kfoxall47,2020-06-07,4111718617,Afghanistan,H,Flanne,3388612920,sgozzett9s@omniture.com,216471,Misiones,946 Sugar Pass,Pass@123,Cardiovascular Surgery,sbourcq47,,,,,,,,,,,,,
Geoff,Beddie,gbeddie48@nasa.gov,male,gbeddie48,2020-07-14,1182433217,Armenia,S,Barus,2407002037,abalasin9t@harvard.edu,21040 CEDEX,Misiones,00 Glacier Hill Street,Pass@123,Colon & Rectal Surgery,aklemt48,,,,,,,,,,,,,
Tripp,Kingswood,tkingswood49@tamu.edu,female,tkingswood49,2020-04-16,5486785966,Argentina,J,Winn,4115650975,idocket9u@reverbnation.com,73167,Misiones,76 Stuart Junction,Pass@123,Critical Care Neurological Surgery,cscroggie49,,,,,,,,,,,,,
Ritchie,Rodge,rrodge4a@irs.gov,male,rrodge4a,2019-09-13,2357599798,Albania,K,Storck,7018652683,nguilbert9v@wordpress.com,10270,Buenos Aires,73204 Nova Court,Pass@123,Critical Care Surgery,cgiorgioni4a,,,,,,,,,,,,,
Gay,Trevance,gtrevance4b@phpbb.com,male,gtrevance4b,2019-10-01,4461108541,Argentina,L,Bellerby,3738900553,vruegg9w@purevolume.com,47100-000,Formosa,1 Lindbergh Drive,Pass@123,Dermatologic Surgery,pfellibrand4b,,,,,,,,,,,,,
Antoine,Baldock,abaldock4c@shop-pro.jp,male,abaldock4c,2020-05-02,3596905661,Australia,Z,Tuddenham,6906973022,kdonaghy9x@whitehouse.gov,92742 CEDEX,Corrientes,2 Spenser Court,Pass@123,General Surgery,cpattie4c,,,,,,,,,,,,,
Goddard,Cresser,gcresser4d@google.de,female,gcresser4d,2019-10-09,3159274645,Aruba,L,Chesterfield,4382037631,bcourtonne9y@dell.com,40990,Misiones,59 Village Green Way,Pass@123,Hand Surgery,czecchini4d,,,,,,,,,,,,,
Kassia,Duligal,kduligal4e@blog.com,female,kduligal4e,2019-05-30,6051088245,Albania,L,Neller,1934710860,vcustance9z@1688.com,21040 CEDEX,Buenos Aires,468 Memorial Place,Pass@123,Head & Neck Surgery,kcaron4e,,,,,,,,,,,,,
Melodie,Sowray,msowray4f@craigslist.org,male,msowray4f,2020-12-06,3263465294,Armenia,S,Kidder,4939546427,hmaffuccia0@gnu.org,656910,Buenos Aires,72 Superior Drive,Pass@123,Maxillofacial Surgery,nnanninini4f,,,,,,,,,,,,,
Ashby,Witham,awitham4g@gmpg.org,female,awitham4g,2021-01-17,1435805549,Angola,X,Hallows,6902842320,dkemmisha1@discuz.net,662680,Corrientes,43 Brown Crossing,Pass@123,Neurological Surgery,fpickance4g,,,,,,,,,,,,,
Pippa,Trumble,ptrumble4h@prlog.org,female,ptrumble4h,2021-02-15,3745182555,Armenia,S,Danaher,2548447721,ihammanda2@xrea.com,73167,Misiones,0 Leroy Parkway,Pass@123,Orthopedic Surgery,djuan4h,,,,,,,,,,,,,
Mari,Carnall,mcarnall4i@webnode.com,female,mcarnall4i,2021-08-16,1435573328,Angola,C,McSherry,9818630702,kredlera3@foxnews.com,10270,Buenos Aires,050 Merrick Street,Pass@123,Orthopedic Surgery & Sports Medicine,cluchetti4i,,,,,,,,,,,,,
Arie,Royall,aroyall4j@bluehost.com,male,aroyall4j,2020-12-13,1273269920,Albania,V,Tomkiss,1851043915,dorteauxa4@alibaba.com,32350,Corrientes,1385 Ridge Oak Pass,Pass@123,Orthopedic Trauma Surgery,vmoultrie4j,,,,,,,,,,,,,
Becca,Ackerman,backerman4k@zimbio.com,male,backerman4k,2019-09-29,6935858924,Argentina,B,de Amaya,8572557310,paberkirdera5@gov.uk,4445-005,Buenos Aires,4690 Lukken Road,Pass@123,Pediatric Orthopedic Surgery,dduchan4k,,,,,,,,,,,,,
Brandyn,De Nisco,bdenisco4l@rediff.com,female,bdenisco4l,2021-05-11,2116926992,Afghanistan,S,Lease,3444022281,lstrothersa6@mac.com,253 01,Buenos Aires,6 Summer Ridge Trail,Pass@123,Pediatric Surgery,mpagan4l,,,,,,,,,,,,,
Burg,Gerriets,bgerriets4m@census.gov,male,bgerriets4m,2019-08-07,2889381491,Afghanistan,N,Canlin,7693224243,hwinscoma7@prweb.com,73167,Buenos Aires,5 Lerdahl Avenue,Pass@123,Plastic Surgery,ecourcey4m,,,,,,,,,,,,,
Joline,Ovendale,jovendale4n@ustream.tv,male,jovendale4n,2019-10-21,1502995408,Argentina,L,Giraux,3866387848,bdudeka8@ustream.tv,10270,Entre Rios,425 Valley Edge Avenue,Pass@123,Thoracic Surgery,mlygo4n,,,,,,,,,,,,,
Maggi,Messom,mmessom4o@umich.edu,male,mmessom4o,2021-05-25,9811261608,Argentina,S,Arntzen,6846323248,emongera9@shinystat.com,301649,Misiones,6 Schmedeman Lane,Pass@123,Traumatic Surgery,dniblo4o,,,,,,,,,,,,,
Cherida,Aldington,caldington4p@rediff.com,female,caldington4p,2020-03-12,6839895949,Armenia,M,Eastwell,6289344284,rmainzaa@networksolutions.com,73167,Entre Rios,7 Kenwood Crossing,Pass@123,Urological Surgery,hsheals4p,,,,,,,,,,,,,
Putnem,Maleham,pmaleham4q@upenn.edu,female,pmaleham4q,2021-01-20,2548173804,Argentina,Q,Berthome,4145297689,srennoldsab@etsy.com,10270,Entre Rios,26 Grim Parkway,Pass@123,Vascular Surgery,hmateja4q,,,,,,,,,,,,,
Modestine,Pfaff,mpfaff4r@cbsnews.com,male,mpfaff4r,2020-08-17,6796153490,Armenia,W,Pace,2239807246,vnadenac@uiuc.edu,73167,Corrientes,22 Bowman Hill,Pass@123,Urology,adormand4r,,,,,,,,,,,,,
Caro,Botterell,cbotterell4s@webnode.com,male,cbotterell4s,2019-11-19,4313310399,Argentina,M,Tathacott,4749446852,dlamminad@alexa.com,78294 CEDEX,Corrientes,87 Thompson Street,Pass@123,Urological Surgery,jranken4s,,,,,,,,,,,,,
Jozef,Wynch,jwynch4t@123-reg.co.uk,female,jwynch4t,2019-08-03,3287367049,Argentina,E,Hart,6933373758,sivanitsaae@intel.com,73167,Chaco,5 Delladonna Drive,Pass@123,Addiction Medicine,pfeechan4t,,,,,,,,,,,,,
Mehetabel,Eakin,meakin4u@umich.edu,male,meakin4u,2021-11-07,6829216875,Argentina,R,Ecclesall,6982012182,rdrinkallaf@merriam-webster.com,2700,Misiones,92040 Talisman Street,Pass@123,Bariatrician,dprobey4u,,,,,,,,,,,,,
Analiese,Offord,aofford4v@utexas.edu,male,aofford4v,2019-12-29,4556787010,Armenia,T,Riddington,9674295280,rpowtonag@washington.edu,73167,Formosa,8 Tennessee Hill,Pass@123,Clinical Pharmacology,eroskruge4v,,,,,,,,,,,,,
Darwin,Buff,dbuff4w@example.com,female,dbuff4w,2021-10-18,4815303169,Albania,Y,Bleakley,1939532581,bshahah@google.ru,6100,Chaco,54469 Anzinger Road,Pass@123,Critical Care Medicine,mjanous4w,,,,,,,,,,,,,
Zaccaria,Goggen,zgoggen4x@tamu.edu,male,zgoggen4x,2019-07-28,4942416804,Afghanistan,M,Koppel,6387176913,hgovernai@unicef.org,73167,Entre Rios,6 Sachs Lane,Pass@123,Flexible,tivanchin4x,,,,,,,,,,,,,
Dom,Mackrell,dmackrell4y@patch.com,female,dmackrell4y,2019-12-23,6899356372,Albania,U,Pickerin,6767830554,rcheccucciaj@w3.org,J6V,Corrientes,533 Lakewood Point,Pass@123,Legal Medicine,lmattek4y,,,,,,,,,,,,,
Diego,Kyrkeman,dkyrkeman4z@symantec.com,male,dkyrkeman4z,2020-07-01,7626530446,Argentina,I,Coggeshall,4513886565,lhalahanak@apple.com,73167,Misiones,62593 Weeping Birch Place,Pass@123,Nuclear Medicine,zwilmore4z,,,,,,,,,,,,,
Nell,Warriner,nwarriner50@cam.ac.uk,male,nwarriner50,2019-07-01,3062383614,Argentina,O,Frake,2156467092,cpaulusal@godaddy.com,393925,Buenos Aires,4401 Maywood Street,Pass@123,Other Specialty,rcastellaccio50,,,,,,,,,,,,,
Jock,Jesse,jjesse51@ed.gov,female,jjesse51,2020-09-11,4638864348,Angola,S,Dorbin,7567212485,sdrippam@amazon.co.uk,61607,Corrientes,64228 Pepper Wood Way,Pass@123,Pain Medicine,akingcott51,,,,,,,,,,,,,
Yoshi,McArt,ymcart52@w3.org,male,ymcart52,2019-07-19,9443742561,Argentina,P,Blasli,3252011155,cchidwickan@mayoclinic.com,73167,Corrientes,02 Maple Wood Point,Pass@123,Palliative Medicine,ncroci52,,,,,,,,,,,,,
Lynda,Farthing,lfarthing53@gnu.org,female,lfarthing53,2020-10-30,2543581272,Afghanistan,A,Brosius,5588038309,nadamowitzao@google.com.au,2419,Entre Rios,988 Mitchell Trail,Pass@123,Pharmaceutical Medicine,mwelham53,,,,,,,,,,,,,
Zacherie,Hardisty,zhardisty54@smugmug.com,female,zhardisty54,2021-10-19,5963106238,Argentina,D,Dandy,2745294938,avancasselap@geocities.jp,2021,Entre Rios,9269 Crest Line Crossing,Pass@123,Phlebology,meagar54,,,,,,,,,,,,,
Melva,Poland,mpoland55@google.co.jp,male,mpoland55,2021-04-20,7841313724,Albania,L,Ambrogiotti,5114780385,bbauldryaq@mtv.com,307156,Buenos Aires F.D.,3876 West Road,Pass@123,Public Health,hbedow55,,,,,,,,,,,,,
Savina,Balden,sbalden56@infoseek.co.jp,female,sbalden56,2020-03-23,3501788585,Afghanistan,L,Deem,2106155849,gbeahanar@instagram.com,53120,Entre Rios,34 Glendale Junction,Pass@123,Pathology,emacconnechie56,,,,,,,,,,,,,
Fayth,Nizet,fnizet57@usgs.gov,male,fnizet57,2019-11-21,6949221945,Armenia,L,Fysh,9975304745,achatainieras@baidu.com,7390,Buenos Aires,70914 Heath Plaza,Pass@123,Anatomic Pathology,vbloomer57,,,,,,,,,,,,,
Concettina,Mosley,cmosley58@cnbc.com,male,cmosley58,2021-08-13,5067966764,Argentina,F,Humphery,2192259339,eyeliashevat@wsj.com,73167,Buenos Aires F.D.,98 Debra Road,Pass@123,Blood Banking,rleftbridge58,,,,,,,,,,,,,
Justine,Gowanson,jgowanson59@upenn.edu,female,jgowanson59,2020-09-22,2325469191,Argentina,S,Ogley,9133505854,dcorckau@nydailynews.com,5100-005,Chaco,2 Tennyson Way,Pass@123,Chemical Pathology,lsumbler59,,,,,,,,,,,,,
Elnore,Boys,eboys5a@feedburner.com,male,eboys5a,2021-07-18,2789183166,Australia,L,Lafontaine,1134284096,qpiatkowskiav@tripod.com,7350-005,Buenos Aires,83969 Lakewood Place,Pass@123,Clinical Pharmacology,laxston5a,,,,,,,,,,,,,
Elia,Coughtrey,ecoughtrey5b@tiny.cc,male,ecoughtrey5b,2020-10-09,4491057745,Argentina,G,Buick,3271508068,kgilpinaw@prweb.com,4216,Santa Fe,0 Hovde Court,Pass@123,Clinical Pathology,jbernucci5b,,,,,,,,,,,,,
Immanuel,Pogue,ipogue5c@pen.io,male,ipogue5c,2021-11-22,4042328754,Armenia,H,Dorrell,5285113814,qodcroftax@soup.io,73167,Misiones,078 Mayfield Pass,Pass@123,Cytopathology,ascoterbosh5c,,,,,,,,,,,,,
Morgana,Anyon,manyon5d@economist.com,male,manyon5d,2020-07-10,4284653174,Argentina,L,Mellish,5387562190,rmacteggartay@accuweather.com,46091 CEDEX 9,Neuquen,021 Superior Point,Pass@123,Forensic Pathology,csmaleman5d,,,,,,,,,,,,,
Virgilio,Jevon,vjevon5e@cnn.com,male,vjevon5e,2020-03-09,7466217628,Argentina,L,Jerams,1574164925,mjeuneaz@foxnews.com,53120,Tucumán,8 Warrior Drive,Pass@123,Hematology,lroe5e,,,,,,,,,,,,,
Lurline,Breslin,lbreslin5f@apache.org,male,lbreslin5f,2021-09-29,4658877967,Albania,J,Pache,4624131498,sstockoeb0@cyberchimps.com,7390,Rio Negro,5 Nelson Street,Pass@123,Medical Microbiology,ewillcox5f,,,,,,,,,,,,,
Bendix,Muck,bmuck5g@webs.com,female,bmuck5g,2021-03-02,9043001810,Albania,K,Dumbreck,5719230951,gperottib1@admin.ch,73167,San Juan,6546 Darwin Center,Pass@123,Neuropathology,jgillyett5g,,,,,,,,,,,,,
Merrill,Sellek,msellek5h@free.fr,male,msellek5h,2021-07-26,1141130768,Argentina,L,Addeycott,5858534470,pperisb2@thetimes.co.uk,1444,Cordoba,2664 Steensland Circle,Pass@123,Oral Pathology,mmalster5h,,,,,,,,,,,,,
Hogan,Kimmince,hkimmince5i@mozilla.org,male,hkimmince5i,2020-07-16,8098615079,Albania,M,Reidie,5861768083,whuygheb3@jimdo.com,182 34,Cordoba,284 Weeping Birch Alley,Pass@123,Pathology,hframe5i,,,,,,,,,,,,,
Viki,Spaule,vspaule5j@smugmug.com,male,vspaule5j,2021-08-07,3082305706,Afghanistan,L,Sawdy,1699867623,sschroederb4@unblog.fr,53120,Cordoba,6744 Di Loreto Way,Pass@123,Pathology-Hematology,astainton5j,,,,,,,,,,,,,
,,,,,,,,,,,,,,,,,,,,,,,,,,,,,,
,,,,,,,,,,,,,,,,,,,,,,,,,,,,,,
,,,,,,,,,,,,,,,,,,,,,,,,,,,,,,
,,,,,,,,,,,,,,,,,,,,,,,,,,,,,,
,,,,,,,,,,,,,,,,,,,,,,,,,,,,,,
,,,,,,,,,,,,,,,,,,,,,,,,,,,,,,
,,,,,,,,,,,,,,,,,,,,,,,,,,,,,,
,,,,,,,,,,,,,,,,,,,,,,,,,,,,,,
Charlot,Eger,clock3g@tumblr.com,male,clock3g,2021-04-23,4825447191,Argentina,Q,Myrtle,6108915104,clock3g@arizona.edu,,Takhār,1042 Redwing Drive,Pass@123,Gracia,GatewayMacId0324,Kristin,Lock,SensorMacId0325,Binni,clock3g@businesswire.com,Chev,Sher,BlogXS,1418236859,1797351416,7611752111,24 Washington Park,
Josi,Rickersey,tdillow3h@fda.gov,female,tdillow3h,2021-03-06,8792524250,Angola,L,Arleyne,7725919876,tdillow3h@shop-pro.jp,,Jowzjān,3521 7th Crossing,Pass@123,Electra,GatewayMacId0325,Anthiathia,Dillow,SensorMacId0326,Adolpho,tdillow3h@purevolume.com,Toby,Wynne,Buzzster,4031436389,5829967524,3466069451,75 Daystar Place,
Jo-anne,Hegley,mocorrigane3i@ted.com,male,mocorrigane3i,2020-07-04,2216400385,Armenia,E,Letti,2882442987,mocorrigane3i@trellian.com,,Kunduz,5 Blackbird Alley,Pass@123,Benetta,GatewayMacId0326,Christine,O'Corrigane,SensorMacId0327,Katleen,mocorrigane3i@washington.edu,Mattias,Prue,Quatz,5745399950,9323463319,6126688513,8 Corben Avenue,
Xever,Densun,mgriffitts3j@vinaora.com,male,mgriffitts3j,2020-11-22,5354274485,Argentina,M,Geralda,9802426389,mgriffitts3j@google.com.au,,Wilāyat-e Baghlān,85 Ronald Regan Pass,Pass@123,Zorah,GatewayMacId0327,Nana,Griffitts,SensorMacId0328,Karoly,mgriffitts3j@telegraph.co.uk,Marshall,Aeriela,Buzzdog,5317936380,3118707746,4859213922,232 Oxford Center,
Viv,Stapele,ibaldassi3k@google.cn,male,ibaldassi3k,2019-11-18,9203657461,Armenia,R,Quintilla,3961321149,ibaldassi3k@ebay.com,,Kabul,64335 Fieldstone Park,Pass@123,Storm,GatewayMacId0328,Jordanna,Baldassi,SensorMacId0329,Bethina,ibaldassi3k@zimbio.com,Itch,Mariele,Talane,5167169618,8825289296,1153927616,458 Maryland Trail,
Malena,Defries,hswine3l@flickr.com,male,hswine3l,2019-03-25,1683166374,Afghanistan,T,Murvyn,6207863095,hswine3l@google.ru,,Wilāyat-e Baghlān,5120 Fulton Way,Pass@123,Robinette,GatewayMacId0329,Arlen,Swine,SensorMacId0330,Alice,hswine3l@usatoday.com,Hersch,Zahara,Fivechat,8491311080,8579490794,9311410519,187 Northport Terrace,
Nickey,Woodnutt,rfranz3m@unc.edu,male,rfranz3m,2020-04-14,8292166708,Albania,Y,Tuesday,5132731402,rfranz3m@etsy.com,658138,Faryab,32852 Reinke Point,Pass@123,Josephine,GatewayMacId0330,Alvira,Franz,SensorMacId0331,Coretta,rfranz3m@icq.com,Ronny,Jacinda,BlogXS,7659528176,8328709019,2225873402,05418 Bonner Parkway,
Glyn,Bickerstaff,znutbrown3n@salon.com,male,znutbrown3n,2020-03-29,3418911430,Argentina,U,Eric,7254096586,znutbrown3n@desdev.cn,93380,Laghmān,9 Grayhawk Park,Pass@123,Meriel,GatewayMacId0331,Else,Nutbrown,SensorMacId0332,Brita,znutbrown3n@domainmarket.com,Zacharias,Bobette,Flashset,5851631254,7072659645,6583708056,7 Veith Alley,
Giordano,Daulby,clewens3o@ed.gov,female,clewens3o,2020-10-20,6005985813,Argentina,I,Rubie,2763580896,clewens3o@ow.ly,,Balkh,7 Crownhardt Park,Pass@123,Marlena,GatewayMacId0332,Danyette,Lewens,SensorMacId0333,Tabbi,clewens3o@theguardian.com,Carroll,Kellina,Skimia,3877368624,1879145920,8343389500,877 Anniversary Street,
Shirlee,Murford,ksalling3p@ehow.com,male,ksalling3p,2020-05-28,4079925720,Albania,S,Kendricks,5477005827,ksalling3p@mozilla.org,,Helmand,55 Hollow Ridge Road,Pass@123,Jorie,GatewayMacId0333,Hedwiga,Salling,SensorMacId0334,Errol,ksalling3p@upenn.edu,Kip,Sapphira,Abata,2166306268,6892662256,2799425105,5 Anderson Drive,
Lemar,Hamson,wreynish3q@pen.io,male,wreynish3q,2020-07-15,5127106486,Argentina,S,Dolph,4857026755,wreynish3q@slashdot.org,,Herat,12 Eggendart Avenue,Pass@123,Novelia,GatewayMacId0334,Lona,Reynish,SensorMacId0335,Trumann,wreynish3q@ca.gov,Weylin,Micky,Twimm,2547895081,6831089070,8484102777,83 Cody Plaza,
Jerrine,Benedick,mmicheli3r@yahoo.com,female,mmicheli3r,2021-03-13,4636237354,Afghanistan,S,Renard,9738152554,mmicheli3r@blogspot.com,,Kunduz,05907 High Crossing Avenue,Pass@123,Alfi,GatewayMacId0335,Andreana,Micheli,SensorMacId0336,Davina,mmicheli3r@google.co.uk,Mickey,Reta,Centizu,7222976096,7288288700,8831160299,048 Michigan Street,
Abby,Erie,shandasyde3s@abc.net.au,female,shandasyde3s,2021-09-02,8419477462,Armenia,M,Carole,8314524431,shandasyde3s@twitter.com,,Khowst,22 Gulseth Center,Pass@123,Quentin,GatewayMacId0336,Nedda,Handasyde,SensorMacId0337,Davita,shandasyde3s@biglobe.ne.jp,Sullivan,Dione,Thoughtstorm,5657129218,8483293519,9476309354,7 Redwing Plaza,
Adelheid,La Croce,lcrowd3t@chron.com,female,lcrowd3t,2021-05-07,4004340263,Albania,L,Jerad,7145122087,lcrowd3t@merriam-webster.com,,Balkh,2 Lukken Hill,Pass@123,Crin,GatewayMacId0337,Sarah,Crowd,SensorMacId0338,Farra,lcrowd3t@nbcnews.com,Louis,Marti,Eire,3046493954,6649803514,1572383664,36 Iowa Park,
Skipton,Kalinovich,lkendle3u@csmonitor.com,female,lkendle3u,2021-05-03,8606172651,Argentina,O,Reinwald,6138679701,lkendle3u@networkadvertising.org,,Nīmrūz,0 Blackbird Avenue,Pass@123,Madelle,GatewayMacId0338,Terza,Kendle,SensorMacId0339,Crista,lkendle3u@amazon.co.jp,Launce,Marcile,Nlounge,8906577133,9824572652,6501646134,6064 Packers Street,
Evangelin,Hinchshaw,sdumbleton3v@cpanel.net,female,sdumbleton3v,2020-04-30,6019769014,Afghanistan,P,Nial,1276247584,sdumbleton3v@engadget.com,9504,Kunduz,40609 Steensland Plaza,Pass@123,Kimmi,GatewayMacId0339,Anna,Dumbleton,SensorMacId0340,Hyacinth,sdumbleton3v@timesonline.co.uk,Sansone,Cyndi,Babbleopia,4001112622,9712805908,7542080555,55 Sommers Circle,
Brody,Wheatley,mshimmings3w@whitehouse.gov,male,mshimmings3w,2020-01-01,6611166991,Argentina,A,El,4204814328,mshimmings3w@freewebs.com,1865,Herat,261 Maple Trail,Pass@123,Georgie,GatewayMacId0340,Amata,Shimmings,SensorMacId0341,Hilliard,mshimmings3w@joomla.org,Mahmoud,Lotte,Jatri,6838657918,3655089962,7935912834,557 Dovetail Hill,
Dorree,Seadon,hmcallaster3x@github.com,female,hmcallaster3x,2019-11-19,5455379639,Argentina,M,Amber,3676066184,hmcallaster3x@icq.com,,Kandahār,979 Welch Plaza,Pass@123,Enriqueta,GatewayMacId0341,Sianna,McAllaster,SensorMacId0342,Angie,hmcallaster3x@amazon.co.jp,Hermann,Amitie,Zooxo,1517832846,3837114424,4499050079,306 Ohio Lane,
Teodorico,Pereira,bblowen3y@biglobe.ne.jp,female,bblowen3y,2019-05-29,7785853050,Albania,S,Nedda,1294099903,bblowen3y@opera.com,,Kabul,18 Sachs Crossing,Pass@123,Cass,GatewayMacId0342,Quintana,Blowen,SensorMacId0343,Ethelda,bblowen3y@ebay.co.uk,Bram,Katya,Bubblemix,4379015123,8766991247,8483464597,249 Magdeline Hill,
Drud,Flowerdew,gchalkly3z@networkadvertising.org,male,gchalkly3z,2021-07-03,9349408422,Albania,S,Alvera,6034486254,gchalkly3z@a8.net,,Nangarhār,94 Mockingbird Road,Pass@123,Andrea,GatewayMacId0343,Selestina,Chalkly,SensorMacId0344,Avrit,gchalkly3z@yellowpages.com,Gan,La verne,Linktype,8514270522,1102255869,9073089716,560 Clove Road,
Arden,Abbado,mhearons40@mozilla.com,male,mhearons40,2019-11-13,9141808438,Argentina,S,Rosanna,8911758864,mhearons40@lulu.com,,Parvān,0 Ohio Drive,Pass@123,Maris,GatewayMacId0344,Ninnette,Hearons,SensorMacId0345,Darnall,mhearons40@domainmarket.com,Mahmud,Tildie,Youfeed,9687853107,5536337751,4824725554,7208 Corry Court,
Gregoor,Negus,rdrewe41@utexas.edu,male,rdrewe41,2021-06-14,7766523493,Afghanistan,D,Laurent,5707232415,rdrewe41@cargocollective.com,,Herat,000 Butternut Circle,Pass@123,Wynne,GatewayMacId0345,Lyndsie,Drewe,SensorMacId0346,Ardine,rdrewe41@pinterest.com,Ryun,Liuka,Zooxo,8339479896,9243145523,3884790938,06269 Kensington Hill,
Mirabelle,Woloschin,medgars42@yellowpages.com,female,medgars42,2020-12-03,3362322930,Afghanistan,M,Belinda,9702393040,medgars42@nature.com,,Badghis,7 Mandrake Crossing,Pass@123,Alikee,GatewayMacId0346,Jenelle,Edgars,SensorMacId0347,Tandi,medgars42@webeden.co.uk,Marcellus,Willy,Jayo,8266313999,1318699870,5064412092,80 Bowman Center,
Kylie,Kield,hgaitley43@dropbox.com,male,hgaitley43,2021-06-28,2412441568,Argentina,L,Pattin,5942698939,hgaitley43@stumbleupon.com,,Ghaznī,88 Heffernan Drive,Pass@123,Daile,GatewayMacId0347,Nadia,Gaitley,SensorMacId0348,Elissa,hgaitley43@moonfruit.com,Hilton,Ilka,Demivee,8235992896,2503452041,4275548746,21 Maryland Crossing,
Shanna,Liver,vganley44@creativecommons.org,female,vganley44,2021-10-01,9377394342,Armenia,S,Manon,2545554281,vganley44@shareasale.com,,Helmand,95 Stuart Plaza,Pass@123,Vonni,GatewayMacId0348,Danit,Ganley,SensorMacId0349,Daisy,vganley44@about.com,Verney,Calley,Abatz,6586159901,1242860784,4588885259,1 Washington Alley,
Leonhard,Curtayne,gheazel45@hao123.com,female,gheazel45,2020-01-24,9076104148,Afghanistan,F,Averill,7987122645,gheazel45@myspace.com,5145,Paktia,760 Fallview Parkway,Pass@123,Madonna,GatewayMacId0349,Rora,Heazel,SensorMacId0350,Anya,gheazel45@google.co.uk,Giles,Micaela,Shuffledrive,3432499169,2238533990,7755748045,69 Weeping Birch Parkway,
Sterling,Thuillier,emallalieu46@walmart.com,male,emallalieu46,2019-09-13,1532505434,Afghanistan,G,Issiah,6339643670,emallalieu46@ask.com,,Badakhshan,416 Warner Place,Pass@123,Loraine,GatewayMacId0350,Dore,Mallalieu,SensorMacId0351,Clair,emallalieu46@google.de,Elias,Annalee,BlogXS,8469348694,6875100174,5743102380,223 Schmedeman Junction,
Alida,Decroix,rcraine47@ucsd.edu,female,rcraine47,2022-01-23,5481422283,Albania,M,Karrah,5807408203,rcraine47@goo.gl,,Farah,68564 Meadow Ridge Junction,Pass@123,Bettine,GatewayMacId0351,Farica,Craine,SensorMacId0352,Leopold,rcraine47@linkedin.com,Rodge,Mame,BlogXS,5181132763,1189767594,4254116327,87048 Erie Circle,
Valeria,Grichukhin,frooze48@fc2.com,male,frooze48,2021-03-29,4251439489,Australia,H,Faina,8615332406,frooze48@ucoz.com,,Herat,51031 Talisman Park,Pass@123,Jessika,GatewayMacId0352,Tova,Rooze,SensorMacId0353,Charis,frooze48@blogs.com,Fremont,Sabine,Feedfire,2204333409,1652317933,8645603069,9 International Junction,
Benn,Speerman,cdenisovo49@omniture.com,male,cdenisovo49,2021-09-11,3475275130,Argentina,S,Mendel,9598912859,cdenisovo49@latimes.com,46000,Parvān,2490 Carpenter Crossing,Pass@123,Trixie,GatewayMacId0353,Maurine,Denisovo,SensorMacId0354,Wenda,cdenisovo49@example.com,Cris,Katalin,Shufflester,9601519339,9457333238,6615111934,562 Summerview Hill,
Danice,Whitlam,rdurbann4a@marketwatch.com,female,rdurbann4a,2022-01-04,1867125229,Armenia,J,Gawen,2572596723,rdurbann4a@nature.com,B4H,Lowgar,53735 Ruskin Way,Pass@123,Aurel,GatewayMacId0354,Sindee,Durbann,SensorMacId0355,Annadiane,rdurbann4a@bloomberg.com,Richard,Cordi,Wordify,8973656237,7651533145,2443611531,77 Crownhardt Terrace,
Gayel,McLarens,hnutkins4b@wisc.edu,male,hnutkins4b,2019-08-17,2256081461,Argentina,K,Micaela,7083353542,hnutkins4b@uiuc.edu,,Bāmīān,41239 Longview Place,Pass@123,Bernadine,GatewayMacId0355,Maryjo,Nutkins,SensorMacId0356,Ealasaid,hnutkins4b@tripadvisor.com,Hasty,Christean,Izio,6064859070,4337883659,5311915650,68955 Hauk Lane,
Jordana,Gai,cbultitude4c@patch.com,male,cbultitude4c,2021-03-17,9142832243,Albania,L,Corbin,3198510157,cbultitude4c@guardian.co.uk,,Balkh,8737 Quincy Parkway,Pass@123,Ebba,GatewayMacId0356,Gabbey,Bultitude,SensorMacId0357,Vic,cbultitude4c@sciencedaily.com,Corey,Shelby,Quire,3816180668,6002008324,4472667676,6 Everett Center,
Lacey,Klezmski,hsummerside4d@deliciousdays.com,male,hsummerside4d,2019-05-01,2544572622,Albania,Z,Ebony,8716851343,hsummerside4d@edublogs.org,41-922,Wilāyat-e Baghlān,4 Anniversary Junction,Pass@123,Alena,GatewayMacId0357,Rafaela,Summerside,SensorMacId0358,Bourke,hsummerside4d@123-reg.co.uk,Herbert,Alene,Rooxo,8167618078,9204271925,9014393695,75 Pearson Plaza,
Britni,McBeath,wrawlyns4e@is.gd,female,wrawlyns4e,2020-04-26,8922665204,Angola,L,Kelci,7522326849,wrawlyns4e@naver.com,56300-000,Takhār,56873 Union Junction,Pass@123,Heidi,GatewayMacId0358,Kamila,Rawlyns,SensorMacId0359,Lorens,wrawlyns4e@nsw.gov.au,Wat,Aggie,Bluejam,8956221545,1745494473,5913898277,950 Warner Road,
Happy,Ferrone,rwason4f@godaddy.com,female,rwason4f,2022-01-20,1103612665,Argentina,L,Jamesy,5438487630,rwason4f@unicef.org,,Konar,9139 Transport Crossing,Pass@123,Esmeralda,GatewayMacId0359,Arly,Wason,SensorMacId0360,Abbie,rwason4f@netlog.com,Remington,Codee,Roomm,1459130331,4656066111,2239320808,2575 Scofield Circle,
Bella,Sommerlie,tkirsop4g@fda.gov,male,tkirsop4g,2021-03-11,8582971728,Argentina,S,Querida,2868832098,tkirsop4g@google.it,,Konar,71 Lake View Street,Pass@123,Imogene,GatewayMacId0360,Helsa,Kirsop,SensorMacId0361,Adriana,tkirsop4g@angelfire.com,Tripp,Nonna,Cogidoo,4948494726,6076145143,4374808761,4 Oak Parkway,
Missie,Biggans,cskillings4h@macromedia.com,female,cskillings4h,2021-10-19,5207082429,Afghanistan,X,Steffen,2138395956,cskillings4h@noaa.gov,20195 CEDEX 1,Faryab,0377 High Crossing Place,Pass@123,Nan,GatewayMacId0361,Nancee,Skillings,SensorMacId0362,Riccardo,cskillings4h@ezinearticles.com,Cirillo,Margarete,Oyoyo,3378541897,7691076167,7242331440,79584 Ludington Court,
Emylee,Rene,abranno4i@so-net.ne.jp,female,abranno4i,2021-10-21,3434063585,Argentina,S,Alexine,1607849150,abranno4i@studiopress.com,2655-082,Panjshir,1 Dwight Place,Pass@123,Antonia,GatewayMacId0362,Beverley,Branno,SensorMacId0363,Jenine,abranno4i@about.com,Alberik,Joannes,Skinte,6668736430,2298443307,9995387602,80 Helena Pass,
Jamaal,Lebell,ewidger4j@ask.com,female,ewidger4j,2020-03-12,9694290981,Angola,C,Corliss,8237134892,ewidger4j@altervista.org,,Nangarhār,74291 Raven Avenue,Pass@123,Dela,GatewayMacId0363,Zandra,Widger,SensorMacId0364,Breanne,ewidger4j@xrea.com,El,Wenona,Ainyx,1993997711,5501698920,5584888270,1133 Pine View Park,
Angelle,Sives,rmarham4k@webnode.com,male,rmarham4k,2019-09-27,2131386956,Australia,V,Patricia,4402714571,rmarham4k@spotify.com,4615-544,Saint John,0633 Ohio Trail,Pass@123,Gene,GatewayMacId0364,Karen,Marham,SensorMacId0365,Carissa,rmarham4k@amazon.co.uk,Renault,Glynda,Tazz,4983752474,9777982373,9234765827,680 Spaight Center,
Etheline,Hoffman,hdwyr4l@gizmodo.com,male,hdwyr4l,2021-10-12,1143250487,Argentina,B,Othelia,2148453568,hdwyr4l@archive.org,3712,N/A,137 Anthes Center,Pass@123,Maia,GatewayMacId0365,Gillan,Dwyr,SensorMacId0366,Vilma,hdwyr4l@csmonitor.com,Huntington,Kore,Meezzy,9693650916,2875562042,7238333680,48463 Toban Hill,
Grayce,Latus,bbyrth4m@livejournal.com,female,bbyrth4m,2021-04-24,7715537994,Albania,S,Berrie,7004949527,bbyrth4m@instagram.com,45250,Vlorë,601 Bluejay Center,Pass@123,Janeen,GatewayMacId0366,Jennilee,Byrth,SensorMacId0367,Elyse,bbyrth4m@netlog.com,Bo,Jade,Vinder,3668790363,1922546302,4967097313,3 Longview Hill,
Reece,Stuckey,gperegrine4n@amazon.co.jp,male,gperegrine4n,2019-03-13,8092518387,Afghanistan,N,Ashlee,2984853470,gperegrine4n@bloomberg.com,,Kukës,6 Swallow Avenue,Pass@123,Sosanna,GatewayMacId0367,Annnora,Peregrine,SensorMacId0368,Margit,gperegrine4n@tinypic.com,Gareth,May,Photojam,2068713922,8452532089,9563089902,882 Alpine Hill,
Cally,Chatelot,cbermingham4o@uiuc.edu,male,cbermingham4o,2020-06-15,7429172787,Argentina,L,Joelle,5772128388,cbermingham4o@adobe.com,L-3883,Korçë,658 Redwing Terrace,Pass@123,Peggie,GatewayMacId0368,Charmane,Bermingham,SensorMacId0369,Zilvia,cbermingham4o@nydailynews.com,Christoph,Jeanelle,Zoomdog,3693568597,8419262215,1119461208,2 Fairfield Hill,
Nobe,Leathlay,cpavluk4p@bloomberg.com,male,cpavluk4p,2020-04-25,7081625104,Argentina,S,Kaye,5539624324,cpavluk4p@eventbrite.com,,Gjirokastër,03880 Lerdahl Crossing,Pass@123,Rorie,GatewayMacId0369,Lizette,Pavluk,SensorMacId0370,Jean,cpavluk4p@de.vu,Cyrill,Kim,Kaymbo,5268482760,6623965263,5053311966,255 Maywood Center,
Germayne,Kalderon,vathowe4q@ca.gov,female,vathowe4q,2021-07-09,6373309543,Afghanistan,M,Tallia,9387905000,vathowe4q@ustream.tv,,Elbasan,897 Anhalt Crossing,Pass@123,Rosalyn,GatewayMacId0370,Jena,Athowe,SensorMacId0371,Rozalie,vathowe4q@aol.com,Vassily,Correna,Youspan,5208095590,5813744277,2115522882,811 Sloan Junction,
Desi,Jentgens,ttomsen4r@dagondesign.com,female,ttomsen4r,2021-03-07,9336874832,Albania,Q,Aurilia,3645032679,ttomsen4r@a8.net,,Dibër,4601 Karstens Park,Pass@123,Mame,GatewayMacId0371,Xaviera,Tomsen,SensorMacId0372,Corie,ttomsen4r@blogs.com,Torr,Rhianna,Feedfire,3955273639,3254918010,4113607173,32046 Lakeland Alley,
Rickey,Nizard,jgarrat4s@guardian.co.uk,male,jgarrat4s,2020-12-01,2696404489,Argentina,W,Michell,3802473291,jgarrat4s@fda.gov,,Vlorë,3749 Weeping Birch Hill,Pass@123,Ailee,GatewayMacId0372,Antonie,Garrat,SensorMacId0373,Hakim,jgarrat4s@uiuc.edu,Jude,Thia,Flipstorm,1147632134,4629449627,9499718577,3 Crowley Drive,
Kizzee,Brierly,njessett4t@mlb.com,male,njessett4t,2021-10-10,5507504870,Albania,M,Ladonna,5928422509,njessett4t@forbes.com,,Tiranë,35 Pearson Street,Pass@123,Shayna,GatewayMacId0373,Shina,Jessett,SensorMacId0374,Thatch,njessett4t@engadget.com,Napoleon,Vanna,Yambee,2026588746,7055093180,4815106909,6 Dawn Pass,
